Media Filename,Media Caption
media/D2D3452D-8052-4540-96B8-8190EE36679D.mp4,""
media/DF73E24B-F9B1-492A-A2B5-96E62F233E27.jpg,""
media/39290147-05EE-41D2-B8B8-33DE18253420.jpg,""
media/3370F91D-93D9-405D-9EBF-0D95852E364C.jpg,After throwing in a new tube.
media/BFA333BD-AF7A-4B88-B21B-6261D7009E92.jpg,Ran this bitch over and it slashed my rear tire. Instant flat.
media/92AD1538-3C5C-4FDF-9ECC-930E1D810C38.jpg,Andrew and dad
media/A312EC73-06EB-4367-8337-66EFB5B13B38.jpg,""
media/494BCAB9-CD39-48DD-99C8-D457C30D2EFB.jpg,""
media/C565E212-952C-4620-8979-DDE29B7AA115.jpg,""
media/36298EE4-5AA0-4C27-B85B-825BF5FF5EB3.jpg,""
media/DE044EC9-1B7D-4A4B-9E95-39BD8BDCF5F0.jpg,""
media/AF532CBD-CFD8-4F3D-8DDC-E954571F6041.jpg,""
media/E675F15E-A5E2-4176-9290-9545CA971241.jpg,""
media/EB507D69-E8A2-47DE-AB27-E222E0ED0988.jpg,""
media/08095C19-10C3-4CAF-BE62-ADD2134B9FAC.jpg,""
media/427CA6CB-1712-43B1-B83A-54D7C13BFD41.jpg,""
media/9D0423CD-9868-4987-8AF2-4492A5756EFB.jpg,""
media/1E5C4BA7-56AE-4EA4-AF68-2632D317B632.jpg,""
media/0F7F39EE-E98C-4720-B32D-72B4CCD4DB65.jpg,""
media/25EDB2B0-C33E-4019-9C39-331697D237ED.jpg,""
media/7C7CEC3C-DD69-49F4-8E84-A2397B9DDEF2.jpg,""
media/5E3CE1FD-7E60-45A9-B04D-EA0A893D700E.jpg,""
media/80ED0050-733E-4447-8D27-4E9D64FCDC9E.jpg,""
media/CAD39518-CAB3-4E7B-B9BE-58426CEA4CD2.jpg,""
media/0112C2D0-2817-4BEC-8FE8-37EF6BCAE457.jpg,""
media/FD8474F9-FFA6-4492-9575-3C0CBD3B5782.jpg,""
media/40A789D9-EA84-491B-B04D-765E5FE54274.jpg,""
media/CD267113-2C06-49F8-A6DA-A8F9CD2C0F7E.jpg,""
media/9EFAEC55-F75E-4442-BD70-2B6125383434.jpg,""
media/F1AF62C6-8862-4680-B864-BFFFDF899C9A.jpg,""
media/EA90E18B-13E5-4A96-9889-8D37F53F4DA2.jpg,The wall before getting to the summit
media/14A5C65D-FB3E-4D2F-9907-C88F170671A5.jpg,""
media/3A65E09D-356E-4604-9436-00DD026A321D.jpg,""
media/6433A232-A5A2-40F4-A6D7-270EAC1D6511.jpg,""
media/EFB8922D-892B-4119-BF07-6939CF4C6A73.jpg,""
media/4550CAB3-6990-41A0-8C2B-C694345462CF.jpg,""
media/B977E0C8-DE35-4399-A0FA-D0FF9732FE0F.jpg,""
media/C2145F34-097A-4BCB-9654-A91E3265156B.jpg,""
media/53994F4E-6E24-45A1-8059-98B1CAD016B6.jpg,""
media/95FACEEC-FC80-4843-BB9D-A9E599BE09BC.jpg,""
media/4C2733A4-D64D-47FD-AB3A-79F7548DADA1.jpg,""
media/79974A71-2064-4BEB-9879-54568C4F20A7.jpg,""
media/E60202C3-AE89-4FBC-A400-C6BA9B926FAA.jpg,""
media/6394C9DA-B958-4F43-AD9E-0B71AF57FDA5.jpg,""
media/5DA54761-6B73-4DBC-9607-C510E093D9AE.jpg,""
media/E96B641C-409E-4BDB-9F20-453C330AD62F.jpg,""
media/0E4C2F3C-F80A-4FAE-BF8C-0497D8194CE3.jpg,""
media/C048A311-8F49-454D-9EB4-4EEBD805FBB3.jpg,""
media/FC594D00-9574-41C1-9D01-76C7259ABCFB.jpg,""
media/633CDF27-1A1B-4CF4-9853-3B6D7AAC390D.jpg,""
media/E270CA17-FDA6-49B2-9D3F-0BFE78542D27.jpg,""
media/FA7C890E-AC8C-421F-8BEA-602DCF6FCE74.jpg,""
media/AEE6C71F-368E-4459-AE6A-E540F63FA8E7.jpg,""
media/3D903FDC-6352-4FE8-8FC7-6A13BA217E2E.jpg,""
media/03AD1009-48E1-4440-83C3-A4F285D3D430.jpg,""
media/38EB09C6-7798-43BD-8C6B-389B74C67FE1.jpg,""
media/90D408DD-6351-4C6C-B089-AABCA340D235.jpg,""
media/70B9758E-D493-494F-A9D6-C84C49453BC3.jpg,""
media/951E405E-8E88-4457-B8F5-2D9C0D897B9D.jpg,""
media/A13E31BA-E930-4419-ABED-37F8E7E6C584.jpg,""
media/4F32E3C5-B46D-4C84-9082-2DC99C19804A.jpg,""
media/A7252C60-CA34-41F6-9E22-F05BB0065128.jpg,""
media/3A01ECCA-0CBB-427A-A90C-4326E7E963A7.jpg,""
media/AFE0158D-30C0-4DD4-9BD7-BB199DF42F47.jpg,""
media/D4906FA9-0D9E-41E6-B530-20563A66545E.jpg,""
media/85A2489A-39D7-41A1-AD9E-EE3ECB5E8482.jpg,""
media/644B9162-A86A-454E-9697-43D9237918A5.jpg,""
media/9EEF2C3F-18E5-4304-AF80-B7DAEC596D99.jpg,""
media/08A30CDB-DF21-45E8-AB3F-5F0A1E323BC2.jpg,""
media/389873E4-3703-4417-B137-29CAC5770577.jpg,""
media/E5E200E0-A5CF-4515-B54E-42BEAEE7E3D6.jpg,""
media/90E19CCB-A87E-48BE-9D5B-C072308D4E02.jpg,""
media/DB969178-79B5-486C-8540-F4221EA9D97A.jpg,""
media/25690E7C-60EA-46E8-B6CF-4450B4CB5695.jpg,""
media/772AB7E8-1050-49B5-8E9A-9D01EFEE8666.jpg,""
media/315323CA-F25A-4F1C-97A7-BE5F0D41DBC5.jpg,""
media/AE89F2F9-2149-4373-BA77-5B04396C7585.jpg,""
media/BF60D9D1-55D5-40BA-AE93-4F21A3DE5FD8.jpg,""
media/914F0057-EAB3-4D66-B1C9-18BB99304A5F.jpg,""
media/229360D8-787A-4181-9E43-A44E9FF157B0.jpg,""
media/8C4F4E37-BE09-439C-B46F-ED49B059514E.jpg,""
media/61E52E61-BD1A-48F7-959B-663F846D043D.jpg,""
media/795E45F7-7049-4FFC-95C7-F2FF212F4920.jpg,""
media/D3D6E971-2BD6-41E0-8521-32EF6DBD7AA1.jpg,""
media/A9932463-9384-4123-94B1-DBD50D48B3D4.jpg,""
media/833FA2EA-F42B-4022-A007-8722A0ACFA50.jpg,""
media/EE8F4509-3438-4077-8B38-5C2673E68883.jpg,""
media/6886925B-B38A-42FF-88A8-6FB138E5C396.jpg,""
media/C70B8264-A275-459A-B843-FB5304D39E72.jpg,""
media/F64B9ADA-BC27-4744-B58A-8C07E2C628B9.jpg,""
media/D13E8EB8-F47B-4A5C-9840-3146668E4AAA.jpg,""
media/5F5A81E6-F387-47FE-B064-4FCD8B0F5109.jpg,""
media/88C9C425-C77F-472A-97E4-8F47E8551E62.jpg,""
media/0BE2F9AC-439A-418A-87E0-B797C239778A.jpg,""
media/07662892-AE34-4025-82DE-A59D59759200.jpg,""
media/2C12408A-6627-44E0-B9B0-35E041C2EDDE.jpg,""
media/F3A0CE15-61A0-4AD3-8CBE-98004951AE40.jpg,""
media/C0CF948B-7953-4F3E-9CFA-8B32E98F26B3.jpg,""
media/5C02000E-DEAE-4E16-B6D2-2A37FEAA87B1.jpg,""
media/ED1A5397-035E-47DB-B0F4-D2598D87F026.jpg,""
media/AF0AF29F-B482-473D-99A7-D9E3DBFF91B1.jpg,""
media/ABA2F76F-3FEA-4A81-8B4B-F066FF4374A1.jpg,""
media/B48DC990-BE31-4484-9D86-F94FABEA128B.jpg,There is a freakin line to take a picture at the pole on mission peak. Shit is getting out of hand.
media/E16B3FE5-8D5E-4302-AC46-F2A1D7145FF3.jpg,Caught a branch to the eye as I fell off the trail.
media/50D27384-56DD-4782-983F-A6FD9F726775.jpg,""
media/8C0F3399-4E3A-44D0-AABD-B02F3750FD07.jpg,""
media/E5C3E5AC-766C-43AE-AC84-BF5BBE08FCAF.jpg,""
media/45EE6AA0-D2E0-407E-8C04-42630A401AF9.jpg,""
media/83385E0D-1716-437B-B430-FF5D5C8BA452.jpg,""
media/2A9F0EC3-DC06-46BB-97BE-22D38EC57D99.jpg,""
media/500FB87B-62FD-4804-841F-BA1308788CF7.jpg,""
media/0FDFEAC2-5E1B-44FB-80DF-686F65E1A451.jpg,""
media/3A0D6034-AD30-49E7-8C45-312626F5CD6F.jpg,Way more ppl playing PokÃ©mon. ðŸ™ˆ
media/8B663C08-0F39-4E65-AF05-243A3BF7AF6E.jpg,Monterey wharf
media/A45C360B-DFA9-4B22-A7DF-448D05AC4418.jpg,"Bridge, obviously"
media/E65AB8EB-0EB5-4F79-A9D5-99248E22F601.jpg,Golf course
media/03F0A742-4BC0-44CD-8B5D-2F5EE50FA0EB.jpg,Mmmmm. I could have used one of those right about then. It's someone's driveway.
media/75B8BB61-BA99-4B19-86F0-F8665E91790B.jpg,Redwoods to dry grass change. Rancho San Carlos Rd
media/A7989AEF-5389-42E6-881A-FBE611C60F28.jpg,Further down Rancho San Carlos Rd
media/A588A3D2-F778-4F5D-802A-98490F5C7248.jpg,Bambi
media/F2B9D076-C3FA-442A-B214-2A77440349BC.jpg,Rancho San Carlos Rd
media/5273BB8D-8DFE-407F-8509-A3DF5F12D729.jpg,Also lower Robinson Canyon Rd
media/6982A08D-9764-4784-8045-1CBAA176CB1C.jpg,Lower Robinson Canyon Rd
media/92A34228-28B3-4627-9797-98B6CD4BCA45.jpg,Looking towards Salinas Valley a little past the laureles grade summit.
media/2D36D173-1FA0-44F7-B401-F34ADB96925B.jpg,Looking towards Monterey from near the summit of laureles grade.
media/4506EECA-1D8C-4850-B357-D547F6D60A53.jpg,"Steeper than I thought it would be, but luckily not too long."
media/C8B74B70-47D6-40A2-A410-AD7A5E165C65.jpg,ðŸ˜Ž
media/19E6AB95-75F9-420E-9306-2A26F240E569.jpg,Vroom vroom
media/F9A5EC3A-0171-4981-8721-88908029AFEA.jpg,Every single person was on their own phone. Pokemon party?
media/4866232F-9D49-4074-BB12-BC3DC912B1D0.jpg,""
media/6581CA62-445C-4C57-A938-0A89C345F6AF.jpg,""
media/39A3EBA0-41F7-4675-9C54-9FA126C5604E.jpg,""
media/57CEEDEF-814A-4F1B-9642-B044F9FF595E.jpg,""
media/78096931-43B5-4726-8100-D081F04E1003.jpg,""
media/97144BB5-574D-4A85-BAF9-68D9A36A6934.jpg,""
media/D4D67065-F26B-4A9C-81C9-3AA6324F6839.jpg,""
media/A728AED7-AA30-47A5-B3C5-75B032B7B599.jpg,""
media/8CAE7DF0-8001-46B8-872F-01C391CBB974.jpg,""
media/C60C5D90-1BF0-4C52-9D7E-3354F820DE12.jpg,""
media/83563887-5946-494F-A6E4-3BB2AA2034A8.jpg,""
media/A1801748-F977-4FE0-8C4B-FB0ACA9BD9B9.jpg,""
media/2BC306E8-FD3F-4E5F-B8D9-C3ACB216CC7E.jpg,""
media/86AAB8AC-30E6-4539-999A-95DCCAC32EDD.jpg,""
media/A3D43C93-DD65-4C2C-851D-46A7FD90A38B.jpg,""
media/1B384202-F530-4D9D-8D16-C9E6E5D72261.jpg,""
media/0E2CFB5D-9990-49B2-8002-F583D6291337.jpg,""
media/D894E0DA-2F62-447F-A299-E84247858C12.jpg,""
media/0CC3BA7F-905B-4F59-8880-DDFB3F1A853D.jpg,""
media/CE923628-1283-4325-9B1A-EA1ADD53EE35.jpg,""
media/B142B008-4F04-4597-B610-AD5164CEE691.jpg,""
media/D835A355-9DB1-45AF-A880-27FB733051F0.jpg,""
media/18C618FC-4E5B-4297-BAEF-4D815EB181A2.jpg,""
media/8F4CA574-F939-462C-A84D-CEB3689426D5.jpg,""
media/3764A33F-5A73-404C-A0D6-4884003CCC10.jpg,""
media/49AB477D-AD5B-461D-8A7A-7CD8200B94E6.jpg,""
media/731F749D-FA96-4C4D-A26E-04E73C0475A3.jpg,""
media/D16FB385-4846-4FF9-84F1-82E20FB7F568.jpg,""
media/0269F49D-5DA5-493B-BC6F-54434204B742.jpg,""
media/2924A757-CB7C-4FC0-9C34-DE733F482B7A.jpg,""
media/75DD520B-D410-46AA-A413-9571C1018258.jpg,""
media/6422250D-1F84-4FE1-B4CB-87E7D10A1287.jpg,""
media/7E0B4289-3B55-414C-A039-99836115E2A6.jpg,""
media/77BC678C-1E7C-4266-8736-B46FF53E05A1.jpg,""
media/4A880521-7B9A-42FD-B5E9-C13A5128CF7A.jpg,""
media/1B22D855-5BFC-486B-97DC-A8915900A64B.jpg,""
media/F3158FE1-BFFF-4EB7-AAD2-0CFDE15F6069.jpg,""
media/32248088-F880-488A-A89F-DE0D04A4398C.jpg,""
media/71C3EAB2-7AEB-44BF-9157-99DDE9BB6EE1.jpg,""
media/A17D4CE5-1028-4C92-9FD0-D854DB455DC9.jpg,""
media/A994A5A2-F394-4004-B429-186DFEBC1EC5.jpg,""
media/922673DD-03F2-413D-8744-E7DC582D0219.jpg,""
media/99669BAE-A42E-4C7E-884F-F6BEE145A7A6.jpg,""
media/472BB62F-0E84-4DEE-9659-11DEA1D8FD49.jpg,""
media/701313A8-B675-4CAE-A405-0D5554D229FC.jpg,""
media/9D8814D2-C4A0-4A76-AB5D-A07A033C44D5.jpg,""
media/F4DB4F4F-30BE-4487-8841-C987B4898D1F.jpg,""
media/C5F22673-6A19-401C-B674-ECB02DDFB95F.jpg,""
media/E8834A58-152B-4D84-B777-144413594318.jpg,""
media/DD107E28-DB42-414F-A564-57A4C35416C9.jpg,""
media/3B7D6A71-9025-4F09-965B-F9F09F69A5A6.jpg,""
media/56DE377A-A471-4BFD-BFD4-8263F75DF3F9.jpg,""
media/F5C2F0F4-4EC6-47DF-AA3B-D148273A3A5D.jpg,""
media/5276C6E3-CD22-4983-86DB-A961D887C15C.jpg,""
media/68C1A746-1511-4147-9B39-C0419DE48941.jpg,""
media/D947B5AD-0238-4BCA-8735-7343E6EAD1B7.jpg,""
media/65D7F565-D629-4593-B405-09561A129EDA.jpg,""
media/508734E2-CC7B-4295-B318-E6E25F7FAF0B.jpg,""
media/6199B015-9853-429E-A12E-E3ED544EDBD6.jpg,""
media/CCD9DF90-7B25-4382-8331-546402352CC3.jpg,""
media/C730DA5B-8284-48F9-AC2E-EF771F692889.jpg,""
media/46624A39-DEA4-4DFD-8388-3CB855BE3257.jpg,""
media/312F539D-74B1-4EF5-8DC9-284AF254206B.jpg,""
media/86ED5F64-5612-4B9C-8090-A0B27D05752F.jpg,""
media/07B964B9-B4AE-4074-A7AF-6BF590D05746.jpg,""
media/D5FDF0BC-AB87-4A45-8827-6868475F209C.jpg,""
media/21AA9FAF-8873-4D42-A6D5-FD32902DDCA2.jpg,""
media/C199835F-7E54-45BE-BF04-4BD0B5289CD6.jpg,""
media/2851A35B-C824-4750-9666-61A9DD8AD947.jpg,""
media/5A3DE73C-C142-457F-8BCC-8F3BFE304451.jpg,""
media/19876C95-CC30-4B0A-A5C4-B45AD6DDB329.jpg,""
media/DE38AAE9-9FEB-441D-9EAF-57BCE2E59F5D.jpg,""
media/1AEDBEA3-EC20-486A-AA8A-4D50EAA43222.jpg,""
media/A5441335-8D3A-4EC2-8DFC-AA0BA63F505A.jpg,""
media/5D4B9FEF-4B7C-4681-8174-2958AC7287BB.jpg,""
media/98E69B7B-D1A3-476E-98BF-469C22EC646D.jpg,""
media/9E0C92DD-CB22-45E4-A7E0-2348BB167030.jpg,""
media/C10A603F-3257-4FE2-939E-DF44273F07D8.jpg,""
media/759F2A4A-A75F-4CD8-A9FA-380FA1709B07.jpg,""
media/854C97A8-0043-4F14-81A1-D6BD06DC161A.jpg,""
media/6CD079F5-DF37-4C01-8150-540F029A84DA.jpg,""
media/A0476A37-2513-4425-BC1A-59BE2D42C641.jpg,""
media/DFB32D8E-1038-45BE-97F2-4E31743679A2.jpg,""
media/8CF39D50-B853-4AD5-8CA7-F1200726439E.jpg,""
media/AAB4E650-6B81-4899-B5CE-A6D29581857E.jpg,""
media/09800E9C-760A-464F-8472-6950C9750FC5.jpg,""
media/09339C92-4B61-468C-9FD0-0157AB7C8AD8.jpg,""
media/2478D99B-D1E0-48E4-8290-5C342DC02574.jpg,""
media/3E80BAC5-F587-4EF9-8FBE-784362A4AED7.jpg,""
media/FAC3AB1C-B919-42E2-8BDA-118D55FB19E0.jpg,""
media/810BCD9A-8FD5-42EF-868B-89E440EDC25E.jpg,""
media/5F67FEA3-FAC8-434B-90D4-362869C4424A.jpg,""
media/51FB206A-D3DE-4204-AF12-08E0637F52C0.jpg,""
media/4D77188E-3788-4F95-AD1D-B7EA78D2274F.jpg,""
media/59C0F267-2A88-4A4A-8C57-67AB9B771E5C.jpg,""
media/F818A533-49B2-4511-B141-11F3BE924862.jpg,""
media/A61F9481-DED2-4E83-B328-AF1FD472849E.jpg,""
media/306AD388-6414-4D70-9056-E9D84A634C59.jpg,""
media/14B3F9EE-3024-411A-BA83-3795C689FE18.jpg,""
media/F5D2C061-FE9C-4203-949E-3785C99BA858.jpg,""
media/69961613-F0B3-4C25-B465-C005DD32A1EE.jpg,""
media/BDC16A85-0911-4180-9884-E9310FCFC5B4.jpg,""
media/B6BEAFC3-4D07-4B48-BC71-CDCEAC88CF10.jpg,""
media/102EC0D9-5AEC-47B6-9CE7-A448EBB16E5D.jpg,""
media/8050FC30-3494-4891-804C-5B58061422AE.jpg,""
media/BCCBFBA6-24C0-4DB2-95B9-53055B2C8BFA.jpg,""
media/7CE16459-CD6C-4ABB-8853-1CA7938F023E.jpg,""
media/148A414C-12E0-44DE-90F0-292142FDD8A3.jpg,""
media/8A05D455-4CB2-46ED-9136-23CE0251F956.jpg,""
media/E408BE32-0612-4FBB-8B2D-AA0549614AE4.jpg,""
media/CF58E7B2-163B-4D9E-83F5-EE0C7E74DCD3.jpg,""
media/10339ACE-E624-4482-B6A5-0E398A1801D1.jpg,""
media/E8F4391D-1F14-4CA6-A851-5C60968B0084.jpg,""
media/2FA643E9-5EFE-4EEE-8392-5EED7B329E94.jpg,""
media/4435ABEE-C530-4B8D-AB23-9316C434D324.jpg,""
media/06B7FF6C-A149-4E1F-BD04-6788D1E42785.jpg,""
media/5E5121BB-2DF3-42E5-8F86-10183C400576.jpg,""
media/A5016656-27BE-46A1-994E-4E3A5B58F5C7.jpg,""
media/2C84C1C5-40EF-4750-8353-CF13923C4D0F.jpg,""
media/6740EEF3-1097-4717-8193-86FAEB02B95F.jpg,""
media/9F2FB0C0-63A3-44B0-9AE3-AE8EC5A58674.jpg,""
media/9E35F1C3-2971-4976-BFE0-2B881D77C702.jpg,""
media/6C6CD756-1590-4CD7-BAD1-9251630DB0DC.jpg,""
media/90A0B57D-6AB4-415D-B161-1BD10D5AB989.jpg,""
media/575C3883-CE4C-43C0-8216-A2A19B9642BC.jpg,""
media/2892F1B4-1D73-46F3-B57A-EE17D8CBEE52.jpg,"A ""hiking"" trail"
media/5CC9241B-DAF3-482B-AE24-F7C3F1EA639B.jpg,"Midget, I mean small horses"
media/3ED7C73C-C3E6-4C43-967F-FDEA12181259.jpg,Llamas
media/D20B467F-C043-4CE2-A008-6D669EA351A7.jpg,""
media/EB130A18-A1D6-4894-B71B-958159FA3DCC.jpg,A real sidewalk
media/0949CD48-1FC4-4387-8E6B-BC1B1EAFB321.jpg,German slug
media/F0F3CBB0-464F-4146-A2BA-558C78607D13.jpg,""
media/8E304958-971B-4765-B7E5-178DE44D3596.jpg,""
media/08A033E5-62CD-47A6-BD0C-79EF0D5B3034.jpg,""
media/2FFC0415-0C4B-4350-9551-7969E21053D0.jpg,""
media/83CA0F07-BA99-4CC3-A3BC-30A5A25A06A9.jpg,""
media/4FB2E338-6B5F-47E9-9AD8-CF3D606F0CCF.jpg,""
media/AB6B9AFF-9B1F-42FC-BD53-0ABA911D5A43.jpg,""
media/D741B8A2-90F7-4614-A3EB-C0C25B0B382A.jpg,""
media/043ED81A-C823-4491-B9C4-90744365540E.jpg,""
media/958A9A14-AC37-4A65-88B4-845734D3ECEB.jpg,""
media/BCD28A6E-3C7A-47E7-B851-EE0313814628.jpg,""
media/A6FB7352-6C7D-4A0B-89FB-65F5FFFC4EFA.jpg,""
media/119C1454-4477-4579-AFA5-BC07EF8E16B3.jpg,""
media/4D8DE2E7-94C8-4F0B-AC1D-C140B6316CDE.jpg,""
media/C0FF336F-2B56-430C-B8A1-2F56F93E7830.jpg,""
media/8A2FEBD4-60EE-42D4-AB65-470A93418399.jpg,""
media/025753C1-0713-4C50-858B-96204C1876EA.jpg,""
media/63CA0125-8FC4-44BC-8B06-89B1DC247FB9.jpg,""
media/C9546CC4-F3D9-4EAD-A066-0013649C5AF5.jpg,""
media/4B6BC3C2-7428-45E9-8240-92827C0B6978.jpg,""
media/209C68C8-D819-469A-B594-7C83A5F61C4F.jpg,""
media/9AE3E4DD-4923-4420-9798-97B04DDE0AD7.jpg,""
media/BDD21960-17D9-47D3-9CBC-7507D60CD980.jpg,""
media/B0A17FF7-8C86-4375-A4EF-4231C6EE664E.jpg,""
media/15C77B81-D83F-46E7-9B43-A28AD71EF5F8.jpg,""
media/D032B188-0481-4401-99D1-7D2B2776A882.jpg,"Mmmm, was it used for meth or heroin?"
media/638E8BC2-E804-46CE-9C05-CC92C5C8D8E0.jpg,That's what's up
media/ED4785B3-D651-40A0-A721-0024EB8A8FF0.jpg,Covered bridge
media/C9A756AD-5389-472F-822E-43B2F89C783B.jpg,Caboose
media/C9C838B5-65F6-45EA-90D4-77B4EA8C14CC.jpg,Further down
media/DED493D7-DD37-4D4C-A654-1943EFFE8429.jpg,Old town in roaring camp
media/B4AD5E1C-1328-4C12-A309-9EB21A08EED9.jpg,San Lorenzo river
media/ABB1A3F7-4932-40B0-9E02-4EF323449F90.jpg,The tracks to Santa Cruz
media/2764D1C1-29CA-4939-B662-EC6F693413FD.jpg,Or here
media/AE8B34A0-B437-40ED-A92B-3C3D670E6B0F.jpg,"Oops, wasn't supposed to be here"
media/0454689D-7885-48F1-9D6D-1E25761D7E6D.jpg,And another
media/C2A04E88-48AB-4ABA-A343-289497CC2D70.jpg,Peaceful
media/8F2712DC-9318-49FA-9519-D9F165A4D3DD.jpg,Through the trees
media/88235FBB-0A85-4FB8-B42A-DB0F363368A2.jpg,"And another, the trail turns right after the first pile"
media/1BA6A428-3BB3-494D-BDCC-B0ACAB3DA22E.jpg,The top
media/79ED4DC2-00B4-4791-BF04-BCE3C67BE907.jpg,It's not so bad
media/F27CA04E-DF1D-4B62-9F16-327082D0D8D0.jpg,One of many log obstacles
media/A6F4AF3D-94DA-4DA4-AEC0-363FB289149D.jpg,Sandy single track
media/F0693810-ACB5-4C98-BAAE-EECE0E997187.jpg,Tunnel
media/2DDD62FD-F1F5-4724-9FFB-79B754CF6F80.jpg,Sandy banked turns
media/2D3F4243-4B92-489F-A9EF-B3FCCBB1CDCB.jpg,Sandy
media/25D4BE56-5A6E-42A0-9112-E24A7F5B0738.jpg,"So green, but a lot of it is poison oak"
media/FF9C0956-35BB-41A6-800A-4B08EB04CCF7.jpg,The short fire road climb to the top
media/B930E3A4-B3D1-44C0-BBB1-F1E99166455A.jpg,Da bay
media/FAFAF6C2-E80E-4D21-942F-9AFD3AB0610F.jpg,""
media/F980946C-0B4F-4DB3-B68C-1C4687DA9C77.jpg,Looking to the ocean
media/F32EEA5E-344C-4B1F-BBF4-3FBE2A18768F.jpg,Borel hill
media/C42A6C90-4E69-427E-9336-6E75BED3546E.jpg,Dis mine!
media/A82BF97B-5A27-4889-B225-F36906A58361.jpg,Lights out
media/3EDBD1C5-F9A4-4E52-B295-F92E572046FF.jpg,Mission peak with Diablo in the background
media/D7A4064C-77C6-4544-8F6C-B97A5BE72DF3.jpg,The trail system
media/893C64F2-3D4F-4B11-B4EE-E452AD60C57A.jpg,Purps
media/6BE8C2AD-53A5-42E6-8EAF-65D8AA3C4E54.jpg,Way up there
media/2395B6DD-D12D-4DA6-AB45-1FFF54029115.jpg,Alum Rock canyon and San Jose
media/B0375A48-7598-4DEB-A126-08B6F222B4CE.jpg,Suns going down
media/D8729A3D-A94C-425B-806F-42B9A2048BBD.jpg,To the south
media/6EEAAFE8-D70A-4EAD-A639-9C75800AD9DC.jpg,Going back across the bridge
media/9C95C80A-7939-40E2-9DF2-CFE947A8615E.jpg,Alum Rock canyon
media/166C31F0-0FE5-4FB6-AC31-F49BAE1FF09B.jpg,The trail I came down
media/56F91488-7FD4-40E8-B306-8E176F76A433.jpg,My turn around point
media/0454ED47-D133-4C0F-BC49-D5E1CA79EA97.jpg,Bridge
media/BE948F8E-8D78-4E39-A5B9-41B9C1A292FF.jpg,The more you know. . .
media/E24B71A2-2ECD-4C06-AD23-5BC5E03706A9.jpg,Switchbacks
media/B1748252-32A1-45F6-A645-7EA667BA8C9C.jpg,The back side of the Sierra vista trail
media/DFB599D0-055F-45D0-B35F-65F438A7D151.jpg,And more
media/E5D2F4B0-67AD-4DDC-8762-A08078A4E2F7.jpg,And more
media/6F153F86-271F-4648-93F1-6CA9548301D0.jpg,And more
media/1761838C-7AF7-4506-B19C-8EEE4AF9E8B6.jpg,To the south
media/A3D14D8C-3744-46DA-9880-477E032591CD.jpg,Sierra vista trail
media/7B0FC1F1-DAA5-43AB-B579-F41A3E3E1FFD.jpg,Perfect spot for a nap
media/2B5F9E3C-7383-4458-8857-CE4A38069258.jpg,And more
media/597C1DF5-985F-4ECE-9763-8777811CE9F6.jpg,On the Sierra vista trail
media/2A710C4C-F407-4A15-A623-2447D054461E.jpg,San Jose through a small canyon
media/F44A79E9-78F2-4632-9748-79D7A68FE41C.jpg,At the vista spot looking up to mission peak and the tip of Diablo further back
media/27DB0529-A939-4D35-BA2B-30502748002F.jpg,At the vista spot with mt Hamilton in the background
media/0C4BB207-31E8-4F4D-BB42-E104096DE6C0.jpg,At the vista spot looking over south San Jose
media/048A28F2-8543-4207-9264-33E0F37D841C.jpg,At the vista spot looking over San Jose
media/77578560-DF00-485F-8664-4A1E7FCCC6EE.jpg,Under the shady tree
media/C683BB18-21CA-4506-B7D3-576F0794205E.jpg,Sempervirens falls from above
media/889C16D9-2892-424A-A385-04AD1D841C37.jpg,Sempervirens falls from the deck
media/402084C8-428B-46B2-B2E0-EA62F207F536.jpg,""
media/FFEF1087-882D-4B92-A39E-64CAAEA1B2C4.jpg,""
media/35968588-0015-4051-A18D-13E72D66136B.jpg,""
media/C21ECE00-E4C5-4D92-9561-204689309754.jpg,""
media/EE852CC3-FC2B-4C7F-9378-777200AA1BA9.jpg,""
media/422E6534-D5B6-428F-8455-CB9ECC1033DB.jpg,""
media/23ECA3FF-AE48-493A-92F9-6A5EDF12BE8E.jpg,""
media/2D988ED1-89C8-45C1-8344-846B03BA8F87.jpg,""
media/57330098-560D-445C-8CBB-065B562E4BBE.jpg,""
media/DBCD442B-B8F4-41CC-9AC7-43E4D3E0C1D5.jpg,""
media/7F3ECCF0-EB2E-4207-BBA5-2D1D2E8CAFBB.jpg,""
media/3A6889FA-2257-4E84-9054-4CA37092E940.jpg,""
media/DD37CE99-5E9A-4995-9214-96E00E26E677.jpg,""
media/48DD4BA8-7843-45CD-A3C1-71C7580FEB91.jpg,""
media/9635A878-6729-49B1-8FC2-D2A617EB0733.jpg,""
media/680DADF3-F15E-4DA3-9F66-5630BF67CFA5.jpg,""
media/5EB3BD30-E1A2-475B-B0BB-22057019DB99.jpg,""
media/85300190-D132-487C-9156-A62454574D41.jpg,""
media/DC9749ED-6A7C-4EE3-8E3D-B91F6408CF78.jpg,""
media/E4438E74-AF41-4B61-83BD-8FD1901EEA2D.jpg,""
media/C25554AC-EB5E-4264-A2FA-561DD885A7C2.jpg,""
media/0AFE8491-98E8-41A9-B4EF-E6227EC39956.jpg,""
media/FBB4F2E1-D78A-40CB-96E1-5D1AFC2FFA1E.jpg,""
media/4990569C-7D86-4FAC-96E7-64DDE6D5CF91.jpg,""
media/421B2FA7-B8AC-4B8A-B543-2ABB319AEEF4.jpg,""
media/171F8B89-3227-4646-B73D-0644D9129A4E.jpg,Downstream
media/9437F908-4BB0-455A-815A-1D07165CDCA2.jpg,Upstream
media/B0F4F51B-9432-4352-AABD-2992F4EC643A.jpg,The good ol Manzanita uphill rock garden
media/8C8172D1-2B73-40A2-BD2D-225C60DE3B68.jpg,""
media/43DC3CE0-86A0-4BAA-B39B-BDD7E708BF06.jpg,""
media/1CD363D5-F639-4B51-8031-C69F7C18BC56.jpg,""
media/5220CFDA-A3AD-42D2-96F9-135DCC1FFC7F.jpg,""
media/4A90CD01-DBAB-4B9E-99BA-1EC215A7F12E.jpg,""
media/45F1F4C0-A482-4E74-B241-4F2439C47CFB.jpg,""
media/53579B40-210E-411D-B480-D8A95A47C8F8.jpg,Riding the air waves
media/FFF420A0-F473-439C-B987-3210DB4FD949.jpg,Lovely
media/16EA70EA-9AA4-432E-8D18-5AB92653DA37.jpg,Ride into the sunset
media/58F485F5-A49B-404A-A681-805842C72630.jpg,The bay
media/32FD4F4C-2AB1-41E1-9509-3D5F1740905A.jpg,Black mountain in the background
media/8ED7819E-10AF-4DF7-8553-00BE1C4F3532.jpg,The freaks come out at night . . .
media/3E360F12-220B-4AE4-A292-FEF7AA242AEA.jpg,San Jose Water Company
media/5EAA14C0-14E8-438B-8367-C20BA5399307.jpg,A little bit of color
media/AFF6E14D-EE26-4922-9803-DF34D7B55AE7.jpg,""
media/7F71A7D0-652A-4B74-8215-287E6F7534C5.jpg,Pick a lane!
media/5D08DBCA-C752-478C-A520-8E915670181A.jpg,""
media/2841AB56-2B82-486E-8791-B229C3E26566.jpg,""
media/7E81777C-6009-4695-BFF0-F772C8194CE2.jpg,DT SJ
media/70AD74DF-5B5D-4F70-884A-BB3C04443DFD.jpg,""
media/629AB6AA-E408-446A-BAC7-78E388726801.jpg,""
media/F13A6334-C089-4F8F-A3D7-C77A56C883DD.jpg,""
media/DC3BAA8C-788F-4009-8374-F9DBD6051354.jpg,""
media/84854E91-004A-4A76-B2F3-1D7DD3FEA773.jpg,""
media/2078CDFE-F46E-4A59-8C68-7009972D0C3F.jpg,""
media/65C1ABD6-247C-4726-A270-54C2ADF2852A.jpg,""
media/73476DB3-AE4D-4459-86C9-6C5E57C023C4.jpg,""
media/A6996894-B6FA-42DB-A260-E909C814B818.jpg,""
media/D1DF82A7-0756-45FF-A1AB-373601388353.jpg,""
media/5A2E9946-3CBB-48F9-9AE2-EA9DB54685A7.jpg,""
media/0FFE0A5D-79D1-4087-9E3D-E28235DB5B61.jpg,""
media/E06816EC-9584-4FF8-98DB-6728221F5ED1.jpg,""
media/EF17884C-4E44-4670-A3A8-AB0614D62AA3.jpg,""
media/0CE23A39-4810-4E77-958A-E77D9F2AA251.jpg,""
media/897708E5-AA00-4046-97A9-E3744BFFD09D.jpg,""
media/E09D157D-78DA-410F-9E07-D5682901DCB6.jpg,""
media/62DFEFE4-851C-4E98-995A-1CCB13FB9269.jpg,""
media/2B18EB7F-9BEB-4A22-B966-0EF0CC9541D8.jpg,""
media/64031923-B5A7-49A9-94E5-B99F3C4C9A05.jpg,""
media/015CABB6-7552-4B53-B15D-B98526D6CF28.jpg,""
media/F657AD95-0C62-4525-ACFC-3C478C468F68.jpg,""
media/E3F14210-3BA3-4B2F-96E2-9BA5040375D0.jpg,""
media/7398E463-1C7D-4C2E-A07E-8C6220C71591.jpg,""
media/31BDE80F-421A-457D-8C96-094CDAAFBC9F.jpg,""
media/03661B27-BCB5-49F8-B098-3BE59EB3C230.jpg,""
media/A807DC6A-BA9E-42A3-8447-ACA5FE4601BB.jpg,""
media/F3EEE97E-A3DC-4622-A032-CA82C42FF2AF.jpg,""
media/79855842-B178-4312-BCFA-86D59EB3BAB7.jpg,""
media/626721B7-F96E-40F5-90B9-772B4B68B902.jpg,""
media/9F7FE201-67D5-4CAC-AF9B-8B884476F534.jpg,""
media/654E1985-0BB1-436A-BDAE-879D3D7188D3.jpg,""
media/B4A9508A-9BA3-4CF3-A537-59052BAAE909.jpg,""
media/F3BF15E0-B3CC-447B-98F2-441B9D2A06D1.jpg,""
media/3AD20B09-F60D-4279-9191-260FA5EB045C.jpg,""
media/6440B4E4-AF7E-47AE-80B0-A7350B688AA8.jpg,""
media/456F188A-9935-450F-B731-26992E8CD118.jpg,""
media/9D6101EF-61FF-4296-A256-BD2E8D779762.jpg,""
media/66F04A75-5EA9-4659-B34A-A3A44FF6FA8A.jpg,""
media/BD1FAEEE-D0C2-4CF8-AAC0-E56EF16AE9A2.jpg,""
media/82B34A4D-23C2-44EC-B7E5-1625C0BD47C1.jpg,""
media/ACDDF8D3-378C-409F-BFD9-209C21F52CC8.jpg,""
media/EA82E2FD-59B5-457C-9E23-F8A3D508DE1D.jpg,""
media/9F8B2426-CC9F-4EE4-A0C2-C2505F04A5D5.jpg,""
media/56AAE510-230D-45A7-9B17-0C534236EB67.jpg,""
media/DF5204AE-B126-4D74-A649-1E2BFFEE6EC0.jpg,""
media/E243BE1E-E854-4EEA-9803-59964276703A.jpg,""
media/F81AED14-8B73-4ED0-9703-A31A8F8CFAB1.jpg,""
media/A9CF17D7-F8CC-41B6-9E8D-5D41D2C21067.jpg,""
media/78E4063C-2A0D-4974-B10D-55E27262E7F8.jpg,""
media/D6035227-47A6-4A77-9B7C-F461D49CED84.jpg,""
media/D7021681-092C-4F69-8039-BFE93A33BD37.jpg,""
media/C72E07E7-C88D-410F-AF3E-9B1B38E288F5.jpg,""
media/45C9161B-873A-4AC3-8D47-F5DCFC59FFD3.jpg,""
media/A2FD59EE-4E53-426B-AA64-D6A974C52469.jpg,""
media/B54AB116-046E-455E-BE3B-42E4A6818E50.jpg,""
media/F386B273-EA1A-4631-85DC-F91891D6C18E.jpg,""
media/4F82C68B-3F07-4529-A0BB-FDC79245F783.jpg,""
media/36C80D77-F082-4A5A-9A2C-F438009DA94B.jpg,""
media/470F64D5-01F1-40C9-A43E-89E7C084B296.jpg,""
media/B42532C6-9E57-4407-A95C-94E7B4555A53.jpg,""
media/DD14E4FB-EBF7-40D2-A141-40765DC944BA.jpg,""
media/C2D086F6-0B29-47DE-BE42-2A12934F82D5.jpg,""
media/EC3920D8-4216-4373-B38C-2BAF72B9DA88.jpg,""
media/4437D0C2-5EEB-454B-826E-6A1151887E65.jpg,""
media/A947A133-3DA2-4548-ABCB-36BF341156DD.jpg,""
media/96E05EA7-6A8C-4C48-83E1-B4AD6250C23F.jpg,""
media/4608C01F-772B-41E6-A4CC-2FC2F323557D.jpg,""
media/677077C3-57F1-40C5-A5B2-08CD5CBB2A00.jpg,""
media/5F013ADA-11E9-42DD-8014-0959F463DFB8.jpg,""
media/95849090-BD1C-4D70-8203-49E59A50A43D.jpg,""
media/B7E4DEB8-FDD9-4B44-8156-3CCEE1F55A0B.jpg,""
media/261D4B9D-382A-4611-9144-F6B31222C51A.jpg,""
media/387B971D-D0BA-449A-8995-03C5B19FA704.jpg,""
media/EB3F1AF8-DEA6-4F0F-9443-187BCCF6828B.jpg,""
media/9EAE5682-DFDA-45EC-BB3A-A394989F2E11.jpg,""
media/4FE279BA-1305-435B-8712-053F6B001558.jpg,""
media/5403E123-0CDD-4755-8BF5-FC7A6EB9F7E6.jpg,""
media/352F8352-30EF-4C78-A8DC-B6204B867FF0.jpg,""
media/23920190-9440-49F5-A1F4-78D3DF861172.jpg,""
media/27A224A5-7DA8-4ED2-95AE-03806812A306.jpg,""
media/C3535DB3-F8C0-45E8-AD79-A7516E2E3B81.jpg,""
media/62CA73B8-1482-440E-9A2E-16E2FC33906D.jpg,""
media/2C30D338-284A-49FD-9027-E0816C366D31.jpg,""
media/34892C25-BDB2-44B8-937C-948543F012EE.jpg,""
media/F38FC11F-1226-449A-8BBB-BF770220A203.jpg,""
media/BD46D4A5-AFDC-4343-AC20-A5E2EED5638E.jpg,""
media/BDCCA399-34B3-40E3-9DCC-17B3836576B5.jpg,""
media/76C79032-7F4D-4734-9AEB-0973DCC2C5F5.jpg,""
media/6FCF0604-775D-4051-8D95-059A30F26AAB.jpg,""
media/9BF74472-8AD8-4CE2-81B0-0264128F2E03.jpg,""
media/B140F908-6638-4F58-807B-120712A36FED.jpg,""
media/8940DE1E-9F09-4A4E-935B-A3D92943B376.jpg,""
media/7035FBE8-02C2-45ED-AED1-8F3EB9631A1D.jpg,""
media/76C7F330-844B-4EF2-BE4D-51844249461E.jpg,""
media/BAA9390E-3D9A-4106-BAE6-E3DDBBBA265B.jpg,""
media/B7287672-BE6A-4A60-834F-490DA0D63DD1.jpg,""
media/EFF592F7-88E1-436D-A12C-97B97F27D012.jpg,""
media/F3165B63-8C1C-4F85-B2F8-5D754EA3F114.jpg,""
media/EA46AA8C-46F0-4348-940F-D091154133A7.jpg,""
media/CB15D281-9B22-4E1F-A38C-60D013619141.jpg,""
media/B2D91D12-06F7-409E-BE4C-3E6E98BEA480.jpg,""
media/10A7F410-08AE-4D2C-8852-217D1AD3A3C3.jpg,""
media/96E69B8F-2F5E-4896-988E-D6CBB7A73E88.jpg,""
media/3BC9C5F5-FEDC-4C6A-A3AD-87A9BED0F336.jpg,""
media/103BE365-2FE8-484E-A05E-66E78E90B958.jpg,""
media/44D8E48A-E190-4E9B-8812-4428E1D6AA01.jpg,""
media/3B160E3A-0838-436E-91FF-5057DA4DB267.jpg,""
media/C5E86E82-B86A-4D2C-A7A3-D625E387B050.jpg,""
media/62C1BF54-948D-49D1-9A79-6069C8F55DEF.jpg,""
media/EDD2751A-E0BF-42AD-8394-1895D49CE825.jpg,""
media/4459F163-30EE-470A-B97F-8B8DE309382D.jpg,""
media/CCCE78F6-B8FB-463F-91C2-62D21D690924.jpg,""
media/D4CE893A-FAC6-4B0F-B24B-7529AE37D9C5.jpg,""
media/7BDD3BD4-8611-4C12-BF45-5AE009AF9185.jpg,""
media/420FFE41-3DFA-4AF1-A221-782E4504609A.jpg,""
media/1BC0D571-F90D-4621-B316-857893B2D521.jpg,""
media/84C37443-CD7A-4ECE-86AC-C43642BCEE5A.jpg,""
media/EE63200A-892B-438C-B74B-1F86750F0C6C.jpg,""
media/CAAAE905-C990-4C66-B7CB-33907CCC6024.jpg,""
media/EFC57909-7BC3-48E7-94A3-89BB1E8D8244.jpg,""
media/7561561E-C116-4F47-B45A-4A9F54B18D16.jpg,""
media/DDF141F0-543D-4CAA-926E-AE1CD85E565B.jpg,""
media/00110877-8531-4FA4-BC1C-428321024D09.jpg,""
media/6707E02E-C3CF-4648-9FE6-B224D1401DC9.jpg,""
media/6F6315C9-CC84-4D9D-A85F-2F1D5A85678A.jpg,""
media/9E821305-2645-446F-88B0-63A6CD866A44.jpg,""
media/F309CCE4-5CD3-4CF9-9DB7-D6FB8A585A9B.jpg,""
media/B468B970-BA0A-4AF9-B0B9-F616CC6D5D8E.jpg,""
media/70AD95DC-A3B9-48AA-87B4-C68B60C2CC2F.jpg,""
media/50FA638E-68B4-45CA-A1E6-B8AC86DA7D6B.jpg,""
media/90AAB852-FBBC-44BB-9158-3F87FBBB1870.jpg,""
media/A8314F36-3D72-4C75-99E8-FF9ECF994E5A.jpg,""
media/20C18ACE-DEE7-4B94-B059-2EA7EAF7BFAD.jpg,""
media/A76F8B01-A948-47FF-A58C-532B5D26ADA5.jpg,""
media/42FD216D-845C-4058-BA81-6B3DC9323FBE.jpg,""
media/2FF2F197-B2FC-495C-9379-0C45DD39F2A5.jpg,""
media/283828C1-1D64-40ED-BD01-20855F13288E.jpg,""
media/45EE5C0A-A48D-4DEA-B731-DCDAC717AF59.jpg,""
media/CB1968CF-2536-4173-888C-2710FECFD813.jpg,""
media/4541275A-8756-4485-B665-2A3B3FB81BA9.jpg,""
media/2D475D39-7328-4228-A0F3-3CA7A5E2E194.jpg,""
media/B9301211-13C0-4C69-8F1A-DE810113F1F8.jpg,""
media/49001C4A-61AC-4A48-B1F6-1973F8C9EE82.jpg,""
media/AB03E1D4-50A4-4D57-935E-5A9F625294A4.jpg,""
media/52D235E7-FD06-4951-A608-BCDE53B0DAF3.jpg,""
media/4D99C769-CB19-4135-BB7A-C4E8EC1FD8E7.jpg,""
media/A7182E26-4542-4033-A099-DBB1840296DD.jpg,""
media/BD177126-9F50-4F05-A87E-54409A016C4C.jpg,""
media/C93278BE-337A-4878-A48B-1DBB1F5ECBBA.jpg,""
media/557D7A2F-DD7A-4433-9FD4-B662BF41E764.jpg,""
media/DF0787DE-86EF-4702-BE08-F1BA64E47AC6.jpg,""
media/FC0716BF-880E-4B7D-895A-EFAC995D707B.jpg,""
media/2D30F0B2-F962-4617-A6B3-B6D8F7A898A3.jpg,""
media/B143C735-E278-49DE-9A32-45FD82B27932.jpg,""
media/C24B6B73-3817-4F83-A328-8E5B3F11497B.jpg,""
media/4A3E4436-EB5E-4C54-8DEC-6AA839F36FC0.jpg,""
media/CB4B48A8-6B86-400D-9808-77CBDF8481FE.jpg,""
media/A4FE0664-11C0-413B-BA1C-A08A86D6A1FC.jpg,""
media/78475A20-3D91-45BA-B816-C8A823CC40D6.jpg,""
media/F4DD7C20-3CE0-4C33-B857-6D06B3E81DC5.jpg,""
media/8EE6886F-51C8-4FC1-AE82-E971F13001D8.jpg,""
media/697171FD-05E2-46AD-A70B-FB4B0D1F02DB.jpg,""
media/1BA60006-2047-4BB6-B16D-737E861E3231.jpg,""
media/A0D40258-FF2C-48DD-8083-81507858B91B.jpg,""
media/7CF9FC39-A33F-403D-BD0E-D9FA9BFBB1C7.jpg,""
media/786E1433-4162-4CA7-80BF-A99F2AADA48B.jpg,""
media/346C23B0-83FA-4C8C-9DD2-2B98CE0B3FE8.jpg,""
media/17971F20-ED68-469B-920F-D671CE4055F2.jpg,""
media/FC175871-0694-485B-ADE5-AF4CB9518DD2.jpg,""
media/725D0379-27F4-4A31-AAF1-0CDD72F2BC9B.jpg,""
media/B06150F5-579F-41D2-B184-1DD31E626264.jpg,""
media/83C7827C-68E9-496C-AD3A-F71F668A2BC6.jpg,""
media/FC52D10D-3FCF-4AFD-A94F-6108752797C9.jpg,""
media/A46B2D47-9D85-4810-B0DF-04A9CDAD15E7.jpg,""
media/B1843DA5-34AE-49FE-B98F-5E7268D9393D.jpg,""
media/ECC2BF91-BE82-45C8-8F63-52860E919D3E.jpg,""
media/5FD3AE5C-9445-41C3-85DC-DBCC768E2EFA.jpg,""
media/11B00ECC-65B1-4ABE-A179-BD34ED7BF7E8.jpg,""
media/527019DF-864E-4D7D-8D82-8D04D202CD77.jpg,""
media/1B1F19D6-1668-40DD-A7B3-481AAB1EF6C4.jpg,""
media/70B29772-31A7-486C-A130-1D1A1868680A.jpg,""
media/13888EC7-EE9E-4E37-88F8-2939CD59EF5F.jpg,""
media/50C8E534-766B-487A-988A-2426308B05B4.jpg,""
media/6AC7200F-5807-4DAB-A499-C1D1B6B2607B.jpg,""
media/0AE20BB2-E192-48A7-819B-B73BB49DBCD1.jpg,""
media/3078E375-E9B0-47CC-8CFB-D745E967C8AC.jpg,""
media/A144C825-D716-490B-B21C-0D99FF771368.jpg,""
media/CB7C2D16-B202-4B8E-9AB1-4B13570A7A25.jpg,""
media/33446997-3A51-4085-8916-6E92B5A4F14A.jpg,""
media/80E449F4-B2FF-4A76-899D-D3DDA09EB111.jpg,""
media/91106338-B3E8-4B15-9CEA-9832C0E86A8B.jpg,""
media/80670AC0-693C-4E78-898F-DAB51CF7D16E.jpg,""
media/AF52288B-A919-4290-810F-1EC874B465C0.jpg,""
media/D5DF6DB7-7DE0-4F77-87AA-DB25BBFAA067.jpg,""
media/D6F5523C-3D4D-4D16-A79B-25343BF07395.jpg,""
media/86995B55-A393-4BF7-8179-66D809016FCB.jpg,""
media/C2C1B130-D2AF-4BC7-B49C-04877076C052.jpg,""
media/E0C610DC-B9A5-4FC8-A3EA-55FD622BCC57.jpg,""
media/F6F00023-25D0-47DD-B7CE-E2B9E741AEB8.jpg,""
media/28911FE7-8D59-4545-81B3-D05EE691F8A4.jpg,""
media/0E44D575-1291-413D-92A0-93ED23ADB76E.jpg,""
media/ECFF3B16-9C66-4A21-AC7B-D960A0EA8841.jpg,""
media/358B7263-EAF6-4EE2-82A6-CFB65D59F25C.jpg,""
media/DA176145-84D5-4C6C-84CC-47019689250C.jpg,""
media/E3882706-E305-4000-B4CD-EBAA82ACA2AA.jpg,""
media/CF09283F-5387-4365-88EB-0B3246D883DB.jpg,""
media/2357002F-192B-48A8-8C35-AF52ED36E033.jpg,""
media/61A52405-DEFA-4ED0-8C5D-61E0C533E9AF.jpg,""
media/228B79D7-A078-4E01-BA9A-E85A52A2E2D5.jpg,""
media/56C6C39E-0EFC-4DE9-8237-2EB2217FCA56.jpg,""
media/8EB81FA0-ECBA-43A9-8695-0965F24C1EF2.jpg,""
media/72BFAC44-E327-44E1-81B6-BB69C626B627.jpg,""
media/9F6CE9DC-3D7D-4B21-AEC8-19B17F463FDD.jpg,""
media/436C959E-4757-4767-9718-0B01BD731CB0.jpg,""
media/1B6528C4-888B-4A9E-A709-89DF3CCBF77A.jpg,""
media/4C239BB5-7286-4023-80E8-A7F059E2A9D1.jpg,""
media/483030B6-D8B0-4F95-A01B-4941BF847E7A.jpg,""
media/AD5F29FA-88E6-410C-984E-68D44B4AD5B7.jpg,""
media/427B57D4-1612-4E9D-A570-B49ACC9FC166.jpg,""
media/88CF529D-9FEE-42C7-A1AA-8D25C94CA13D.jpg,""
media/E8662880-6D26-484E-91B1-61AEB1CDB121.jpg,""
media/F4A53150-A008-4C1B-B04A-C721EC9D2A6A.jpg,""
media/B421118D-A893-47F6-B552-68DCA8EA4DD6.jpg,""
media/3C38B9D8-06DE-4E72-B063-AF8D01FC6C9D.jpg,""
media/9324FFBB-39B5-4C15-A1BB-6F09031C1366.jpg,""
media/BB217F5C-DC01-4E5B-BBB3-A44F776DA82B.jpg,""
media/A8E89745-723B-450B-B60B-2E94BCB76875.jpg,""
media/52753B56-1C7E-4EA0-A9D8-C7660C5BFEC6.jpg,""
media/31074974-51BE-42BB-983F-8D57281F1CC7.jpg,""
media/728D9B87-5BA6-4BAE-9006-89088AF357F1.jpg,""
media/05293FE3-0965-4DE4-BEAD-8393A13BD2E9.jpg,""
media/1DB6C4B5-72D2-484B-998E-C22EBE64B86F.jpg,""
media/FF708D4E-D840-433C-AB52-CBA881D067B2.jpg,""
media/B04688A3-6896-451E-889B-ED736DA0320B.jpg,""
media/13EB9FA3-660E-4AAB-85F9-FA6965C1EFD1.jpg,""
media/87B3CC46-C80C-4F38-B3A4-8B415A68D302.jpg,""
media/5E41D6C9-2126-4C7F-B95F-9E7D755221ED.jpg,""
media/78EE9F00-647D-4E57-B004-DD645E91019F.jpg,""
media/84A1FECB-D3ED-42E1-9CAC-4D4C94AF1885.jpg,""
media/5609DD81-5B55-4669-92C8-6E7DF2F208FC.jpg,""
media/813887F7-AAB3-4A3C-A599-9A75DF5BDD4C.jpg,""
media/8102D1C7-365D-44FE-9232-3D916F9FF05B.jpg,""
media/1B6447A9-CE0E-4406-8A84-B1D8E0567D7E.jpg,""
media/5A77C920-3132-42CC-800A-2DA3DDAB502E.jpg,""
media/DB25D110-8FE3-4133-88C7-719327257050.jpg,""
media/2CF1CB02-F9F4-4999-B4E1-1BCBCAC245EC.jpg,""
media/12A771A2-D560-460D-8010-5E19B3AD78DE.jpg,""
media/5E27E96B-0179-403B-9B27-9D2E45ACA155.jpg,""
media/C38BBF01-2147-400B-B216-1DDD93ED6DE3.jpg,""
media/D6F65B90-ECCD-4F91-82C9-20527AFBF5C2.jpg,""
