Promotion Seen,Timestamp
FeedFollowOptionCoachmark,1593818782
GapActivityDetailUpsell,1597106663
GapActivityDetailUpsell,1600735371
GapActivityDetailUpsell,1604869798
GapActivityDetailUpsell,1630778172
EvergreenStatsFeatureEd,1615673856
EvergreenStatsFeatureEd,1616711165
EvergreenStatsFeatureEd,1616805611
NavigationTabHome,1616905745
NavigationTabHome,1619399743
NavigationTabMaps,1617072465
NavigationTabGroups,1617072475
NavigationTabYou,1616905755
NavigationTabYouProgress,1618241808
NavigationTabYouProgress,1619317334
NavigationTabYouProgress,1619317341
NavigationTabYouActivities,1616905761
NavigationTabYouActivities,1619317332
NavigationTabYouActivities,1619317333
NavigationTabYouActivities,1619317337
NavigationTabYouActivities,1619317364
NavigationTabYouProfile,1616905763
NavigationTabMapsSegments,1617072464
NavigationTabMapsRoutes,1617072469
NavigationTabMapsSaved,1617072472
NavigationTabGroupsActive,1623200028
NavigationTabGroupsChallenges,1617072479
NavigationTabGroupsClubs,1617072482
NavigationHomeEducationCoachmarkImpression,1620436760
NavigationHomeEducationCoachmarkImpression,1620439238
NavigationHomeEducationCoachmarkImpression,1620439242
NavigationHomeEducationCoachmarkImpression,1620823687
NavigationHomeEducationCoachmarkImpression,1621466268
NavigationHomeEducationCoachmarkImpression,1621903152
NavigationYouProgressEducationCoachmarkImpression,1624326486
NavigationYouProgressEducationCoachmarkImpression,1625359976
NavigationYouProgressEducationCoachmarkImpression,1626019139
NavigationYouProgressEducationCoachmarkImpression,1627448486
NavigationTabEducationModalMapsJ2,1624241842
NavigationTabEducationModalGroupsJ2,1624241830
ActivityDetailsLeaderboardQualityCoachmark,1686582580
ActivityDetailsLeaderboardQualityCoachmark,1686582633
RecordScreenRoutesCoachmark,1629421397
RecordScreenRoutesCoachmark,1632004313
RecordScreenRoutesCoachmark,1634688252
RecordScreenBeaconCoachmark,1630453174
MapSettingsPersonalHeatmapCoachmark,1665544521
MapSettingsButtonPersonalHeatmapFeatureEd,1665542356
MapVisibilityFeedCoachmarkImpression,1665365259
MapVisibilityFeedCoachmarkImpression,1665365263
MapVisibilityFeedCoachmarkImpression,1665442224
MapVisibilityFeedCoachmarkImpression,1665446910
MapVisibilityFeedCoachmarkImpression,1665446914
MapVisibilityFeedCoachmarkImpression,1665541699
MapVisibilityRowReinforcementImpression,1665446914
MapVisibilityRowReinforcementImpression,1665513142
MapVisibilityRowReinforcementImpression,1665541699
MapVisibilityRowReinforcementImpression,1665542881
MapVisibilityRowReinforcementImpression,1665544512
MapVisibilityRowReinforcementImpression,1665544517
MapVisibilityActivityCoachmarkImpression,1665446947
MapVisibilityActivityCoachmarkImpression,1665513147
MapVisibilityActivityCoachmarkImpression,1665541717
MapVisibilityActivityCoachmarkImpression,1665542893
MapVisibilityActivityCoachmarkImpression,1665542901
MapVisibilityActivityCoachmarkImpression,1665544538
WelcomeBackKudosCoachmarkImpression,1665357395
WelcomeBackKudosCoachmarkImpression,1665365260
WelcomeBackKudosCoachmarkImpression,1665365264
WelcomeBackKudosCoachmarkImpression,1665446911
WelcomeBackKudosCoachmarkImpression,1665513144
WelcomeBackKudosCoachmarkImpression,1665541700
WelcomeBackKudosCoachmarkImpression,1665542882
WelcomeBackKudosCoachmarkImpression,1665616379
WelcomeBackKudosCoachmarkImpression,1665692883
WelcomeBackKudosCoachmarkImpression,1665789245
WelcomeBackKudosCoachmarkImpression,1665799539
WelcomeBackKudosCoachmarkImpression,1665980184
WelcomeBackKudosCoachmarkImpression,1667151521
WelcomeBackKudosCoachmarkImpression,1667157715
WelcomeBackKudosCoachmarkImpression,1667157719
WelcomeBackKudosCoachmarkImpression,1667363750
WelcomeBackKudosCoachmarkImpression,1669433693
WelcomeBackKudosCoachmarkImpression,1669489310
WelcomeBackKudosCoachmarkImpression,1669570744
WelcomeBackKudosCoachmarkImpression,1669692274
WelcomeBackKudosCoachmarkImpression,1675901978
WelcomeBackKudosCoachmarkImpression,1675906835
WelcomeBackKudosCoachmarkImpression,1676522915
WelcomeBackKudosCoachmarkImpression,1681172066
WelcomeBackKudosCoachmarkImpression,1681173991
WelcomeBackKudosCoachmarkImpression,1681254280
WelcomeBackKudosCoachmarkImpression,1681259869
WelcomeBackKudosCoachmarkImpression,1681331472
WelcomeBackKudosCoachmarkImpression,1681340743
WelcomeBackKudosCoachmarkImpression,1681347660
WelcomeBackKudosCoachmarkImpression,1681419874
WelcomeBackKudosCoachmarkImpression,1681433955
WelcomeBackKudosCoachmarkImpression,1681485115
WelcomeBackKudosCoachmarkImpression,1681600002
WelcomeBackKudosCoachmarkImpression,1681606928
WelcomeBackKudosCoachmarkImpression,1685305729
WelcomeBackKudosCoachmarkImpression,1685317941
WelcomeBackKudosCoachmarkImpression,1685324584
WelcomeBackKudosCoachmarkImpression,1685453603
WelcomeBackKudosCoachmarkImpression,1685456055
WelcomeBackKudosCoachmarkImpression,1685484111
WelcomeBackKudosCoachmarkImpression,1685540310
WelcomeBackKudosCoachmarkImpression,1685543395
WelcomeBackKudosCoachmarkImpression,1685570530
WelcomeBackKudosCoachmarkImpression,1685628386
WelcomeBackKudosCoachmarkImpression,1685657092
WelcomeBackKudosCoachmarkImpression,1685658793
WelcomeBackKudosCoachmarkImpression,1685729853
WelcomeBackKudosCoachmarkImpression,1685971974
WelcomeBackKudosCoachmarkImpression,1685974033
WelcomeBackKudosCoachmarkImpression,1686003086
WelcomeBackKudosCoachmarkImpression,1686058426
WelcomeBackKudosCoachmarkImpression,1686081430
WelcomeBackKudosCoachmarkImpression,1686089556
WelcomeBackKudosCoachmarkImpression,1686144866
WelcomeBackKudosCoachmarkImpression,1686175632
WelcomeBackKudosCoachmarkImpression,1686180045
WelcomeBackKudosCoachmarkImpression,1686231326
WelcomeBackKudosCoachmarkImpression,1686263668
WelcomeBackKudosCoachmarkImpression,1686278160
WelcomeBackKudosCoachmarkImpression,1686319654
WelcomeBackKudosCoachmarkImpression,1687441271
WelcomeBackKudosCoachmarkImpression,1687443233
WelcomeBackKudosCoachmarkImpression,1687472209
WelcomeBackKudosCoachmarkImpression,1687529296
WelcomeBackKudosCoachmarkImpression,1687544096
WelcomeBackKudosCoachmarkImpression,1687787042
WelcomeBackKudosCoachmarkImpression,1687789021
WelcomeBackKudosCoachmarkImpression,1687815292
WelcomeBackKudosCoachmarkImpression,1687874706
WelcomeBackKudosCoachmarkImpression,1687904496
WelcomeBackKudosCoachmarkImpression,1687906313
WelcomeBackKudosCoachmarkImpression,1687961157
WelcomeBackKudosCoachmarkImpression,1687992636
WelcomeBackKudosCoachmarkImpression,1688045742
WelcomeBackKudosCoachmarkImpression,1688047632
WelcomeBackKudosCoachmarkImpression,1692119454
WelcomeBackKudosCoachmarkImpression,1692123502
WelcomeBackKudosCoachmarkImpression,1692124016
WelcomeBackKudosCoachmarkImpression,1692638174
WelcomeBackKudosCoachmarkImpression,1692638175
WelcomeBackKudosCoachmarkImpression,1692642686
WelcomeBackKudosCoachmarkImpression,1692745172
WelcomeBackKudosCoachmarkImpression,1692750410
WelcomeBackKudosCoachmarkImpression,1694824784
WelcomeBackKudosCoachmarkImpression,1694825281
WelcomeBackKudosCoachmarkImpression,1694993929
WelcomeBackKudosCoachmarkImpression,1694997173
WelcomeBackKudosCoachmarkImpression,1695052210
WelcomeBackKudosCoachmarkImpression,1695084064
WelcomeBackKudosCoachmarkImpression,1695084556
WelcomeBackKudosCoachmarkImpression,1695139147
WelcomeBackKudosCoachmarkImpression,1695171316
WelcomeBackKudosCoachmarkImpression,1695171866
WelcomeBackKudosCoachmarkImpression,1695256683
WelcomeBackKudosCoachmarkImpression,1695657115
WelcomeBackKudosCoachmarkImpression,1695657801
WelcomeBackKudosCoachmarkImpression,1695689103
WelcomeBackKudosCoachmarkImpression,1695743680
WelcomeBackKudosCoachmarkImpression,1695744332
WelcomeBackKudosCoachmarkImpression,1695775632
WelcomeBackKudosCoachmarkImpression,1695830620
WelcomeBackKudosCoachmarkImpression,1695861841
WelcomeBackKudosCoachmarkImpression,1695862332
WelcomeBackKudosCoachmarkImpression,1699320968
WelcomeBackKudosCoachmarkImpression,1699321558
WelcomeBackKudosCoachmarkImpression,1699375967
WelcomeBackKudosCoachmarkImpression,1699407381
WelcomeBackKudosCoachmarkImpression,1699462494
WelcomeBackKudosCoachmarkImpression,1699463108
WelcomeBackKudosCoachmarkImpression,1699493898
WelcomeBackKudosCoachmarkImpression,1699549536
WelcomeBackKudosCoachmarkImpression,1699580127
WelcomeBackKudosCoachmarkImpression,1699580844
WelcomeBackKudosCoachmarkImpression,1699636393
WelcomeBackKudosCoachmarkImpression,1699668095
WelcomeBackKudosCoachmarkImpression,1699678979
WelcomeBackKudosCoachmarkImpression,1699894887
WelcomeBackKudosCoachmarkImpression,1699895488
WelcomeBackKudosCoachmarkImpression,1699926057
WelcomeBackKudosCoachmarkImpression,1699981684
WelcomeBackKudosCoachmarkImpression,1700012540
WelcomeBackKudosCoachmarkImpression,1700013166
WelcomeBackKudosCoachmarkImpression,1700154068
WelcomeBackKudosCoachmarkImpression,1700154724
WelcomeBackKudosCoachmarkImpression,1700186462
WelcomeBackKudosCoachmarkImpression,1700240703
WelcomeBackKudosCoachmarkImpression,1700272084
WelcomeBackKudosCoachmarkImpression,1701450215
WelcomeBackKudosCoachmarkImpression,1701450841
WelcomeBackKudosCoachmarkImpression,1701481161
WelcomeBackKudosCoachmarkImpression,1701710013
WelcomeBackKudosCoachmarkImpression,1701710721
WelcomeBackKudosCoachmarkImpression,1701740297
WelcomeBackKudosCoachmarkImpression,1701798331
WelcomeBackKudosCoachmarkImpression,1701826497
WelcomeBackKudosCoachmarkImpression,1701827026
WelcomeBackKudosCoachmarkImpression,1701968055
WelcomeBackKudosCoachmarkImpression,1701968716
WelcomeBackKudosCoachmarkImpression,1701999612
WelcomeBackKudosCoachmarkImpression,1705109600
WelcomeBackKudosCoachmarkImpression,1705110241
WelcomeBackKudosCoachmarkImpression,1705510647
WelcomeBackKudosCoachmarkImpression,1705511384
WelcomeBackKudosCoachmarkImpression,1705541723
WelcomeBackKudosCoachmarkImpression,1705598434
WelcomeBackKudosCoachmarkImpression,1705599042
WelcomeBackKudosCoachmarkImpression,1705628730
WelcomeBackKudosCoachmarkImpression,1708881672
WelcomeBackKudosCoachmarkImpression,1708886734
WelcomeBackKudosCoachmarkImpression,1708966915
WelcomeBackKudosCoachmarkImpression,1708999554
WelcomeBackKudosCoachmarkImpression,1709000118
WelcomeBackKudosCoachmarkImpression,1709053510
WelcomeBackKudosCoachmarkImpression,1709138988
WelcomeBackKudosCoachmarkImpression,1709139710
WelcomeBackKudosCoachmarkImpression,1709171052
RouteFromActivityMoreOptionsButtonCoachmark,1639364037
RouteFromActivitySaveButtonCoachmark,1665446951
MapVisibilitySettingCogCoachmark,1675907146
MapVisibilityNewLabelCoachmark,1675907151
MapVisibilitySettingRowCoachmark,1675907151
Map3dEducationVisibility,1665357403
RouteLongPressCoachmark,1688949738
WinbackNotificationSeen,1647123428
WinbackNotificationSeen,1651793085
WinbackNotificationSeen,1652647501
WinbackNotificationSeen,1654222094
WinbackNotificationSeen,1654994451
WinbackNotificationSeen,1656179982
WinbackNotificationSeen,1659106471
WinbackNotificationSeen,1660420135
WinbackNotificationSeen,1664648312
WinbackNotificationSeen,1667070434
WinbackNotificationSeen,1669322366
WinbackNotificationSeen,1671588721
WinbackNotificationSeen,1672001804
WinbackNotificationSeen,1674937222
WinbackNotificationSeen,1680195729
WinbackNotificationSeen,1681865987
WinbackNotificationSeen,1685233128
WinbackNotificationSeen,1685818561
WinbackNotificationSeen,1687387613
WinbackNotificationSeen,1691630015
WinbackNotificationSeen,1692313975
WinbackNotificationSeen,1694811648
WinbackNotificationSeen,1695515416
WinbackNotificationSeen,1699318882
WinbackNotificationSeen,1699842065
WinbackNotificationSeen,1701447701
WinbackNotificationSeen,1703448843
WinbackNotificationSeen,1705097629
WinbackNotificationSeen,1708803787
MentionsSettingCogCoachmark,1675907146
MentionsNewLabelCoachmark,1675907151
MapsTabDirtSports,1665544521
MapsTabDirtFirstTimeExperienceFree,1665544521
OfflineMapsFirstTimeExperience,1667151559
VideoNotificationMonthlySoftLimit,1659317114
VideoNotificationMonthlySoftLimit,1662232478
VideoNotificationHardLimit,1659317114
VideoNotificationHardLimit,1662232478
FollowingFeedDoradoCooldown,1665357392
FollowingFeedDoradoCooldown,1665442224
FollowingFeedDoradoCooldown,1665513142
FollowingFeedDoradoCooldown,1665541699
FollowingFeedDoradoCooldown,1665616377
FollowingFeedDoradoCooldown,1665692881
FollowingFeedDoradoCooldown,1676522914
FollowingFeedDoradoCooldown,1676522915
FollowModeCoachmark,1665357402
PostSubscriptionPreviewModalImpression,1697694440
SubPreviewMapsOverlay,1688949738
SubPreviewGroupTab,1687872863
SubPreviewYouTab,1687817028
SubPreviewActivitiesFeedBanner,1687817028
SubPreviewActivitiesFeedBanner,1687824381
SubPreviewActivitiesFeedBanner,1687830477
SubPreviewGroupsBanner,1687908134
SubPreviewProgressBanner,1688738752
SubPreviewWelcomeModalImpression,1687872863
SubPreviewConversionModalImpression,1692119453
SubPreviewConversionModalImpression,1692123501
SubPreviewConversionModalImpression,1692638172
SubPreviewConversionModalImpression,1710432900
SubPreviewConversionModalImpression,1712795881
WebMediaUploaderFeatureEd2,1669950094
WebMediaUploaderFeatureEd2,1669950151
WebMediaUploaderFeatureEd2,1687272183
WebMediaUploaderFeatureEd2,1687272289
FollowingFeedDoradoCooldownSix,1678921722
FollowingFeedDoradoCooldownSix,1678921723
FollowingFeedDoradoCooldownSix,1678927857
FollowingFeedDoradoCooldownSix,1679007495
FollowingFeedDoradoCooldownSix,1679007496
FollowingFeedDoradoCooldownSix,1679013007
FollowingFeedDoradoCooldownSix,1679013008
FollowingFeedDoradoCooldownSix,1681172065
FollowingFeedDoradoCooldownSix,1681173990
FollowingFeedDoradoCooldownSix,1681173991
FollowingFeedDoradoCooldownSix,1681254278
FollowingFeedDoradoCooldownSix,1681254279
FollowingFeedDoradoCooldownSix,1681259868
FollowingFeedDoradoCooldownSix,1681331471
FollowingFeedDoradoCooldownSix,1681340742
FollowingFeedDoradoCooldownSix,1681344543
FollowingFeedDoradoCooldownSix,1681347659
FollowingFeedDoradoCooldownSix,1681417485
FollowingFeedDoradoCooldownSix,1681417486
FollowingFeedDoradoCooldownSix,1681419873
FollowingFeedDoradoCooldownSix,1681433953
FollowingFeedDoradoCooldownSix,1681433954
FollowingFeedDoradoCooldownSix,1681485113
FollowingFeedDoradoCooldownSix,1681600000
FollowingFeedDoradoCooldownSix,1681600001
FollowingFeedDoradoCooldownSix,1681606927
FollowingFeedDoradoCooldownSix,1681606928
FollowingFeedDoradoCooldownSix,1682271011
FollowingFeedDoradoCooldownSix,1682271012
FollowingFeedDoradoCooldownSix,1682281994
FollowingFeedDoradoCooldownSix,1682281995
FollowingFeedDoradoCooldownSix,1683502263
FollowingFeedDoradoCooldownSix,1683502264
FollowingFeedDoradoCooldownSix,1683512857
FollowingFeedDoradoCooldownSix,1683512859
FollowingFeedDoradoCooldownSix,1684330446
FollowingFeedDoradoCooldownSix,1684330447
FollowingFeedDoradoCooldownSix,1684333705
FollowingFeedDoradoCooldownSix,1684333706
FollowingFeedDoradoCooldownSix,1684361772
FollowingFeedDoradoCooldownSix,1684361773
FollowingFeedDoradoCooldownSix,1684419023
FollowingFeedDoradoCooldownSix,1684419024
FollowingFeedDoradoCooldownSix,1684447202
FollowingFeedDoradoCooldownSix,1684447203
FollowingFeedDoradoCooldownSix,1684454520
FollowingFeedDoradoCooldownSix,1684454521
FollowingFeedDoradoCooldownSix,1684762511
FollowingFeedDoradoCooldownSix,1684762512
FollowingFeedDoradoCooldownSix,1684765467
FollowingFeedDoradoCooldownSix,1684765468
FollowingFeedDoradoCooldownSix,1684792195
FollowingFeedDoradoCooldownSix,1684792196
FollowingFeedDoradoCooldownSix,1684851685
FollowingFeedDoradoCooldownSix,1684851686
FollowingFeedDoradoCooldownSix,1684879652
FollowingFeedDoradoCooldownSix,1684879653
FollowingFeedDoradoCooldownSix,1684882145
FollowingFeedDoradoCooldownSix,1684882146
FollowingFeedDoradoCooldownSix,1684938677
FollowingFeedDoradoCooldownSix,1684938678
FollowingFeedDoradoCooldownSix,1684967753
FollowingFeedDoradoCooldownSix,1684967754
FollowingFeedDoradoCooldownSix,1685021682
FollowingFeedDoradoCooldownSix,1685021683
FollowingFeedDoradoCooldownSix,1685050406
FollowingFeedDoradoCooldownSix,1685053224
FollowingFeedDoradoCooldownSix,1685107990
FollowingFeedDoradoCooldownSix,1685107991
FollowingFeedDoradoCooldownSix,1685110080
FollowingFeedDoradoCooldownSix,1685110081
FollowingFeedDoradoCooldownSix,1685137697
FollowingFeedDoradoCooldownSix,1685305727
FollowingFeedDoradoCooldownSix,1685305728
FollowingFeedDoradoCooldownSix,1685317940
FollowingFeedDoradoCooldownSix,1685324582
FollowingFeedDoradoCooldownSix,1685324583
FollowingFeedDoradoCooldownSix,1685453602
FollowingFeedDoradoCooldownSix,1685453603
FollowingFeedDoradoCooldownSix,1685456053
FollowingFeedDoradoCooldownSix,1685456054
FollowingFeedDoradoCooldownSix,1685484109
FollowingFeedDoradoCooldownSix,1685484110
FollowingFeedDoradoCooldownSix,1685540308
FollowingFeedDoradoCooldownSix,1685540309
FollowingFeedDoradoCooldownSix,1685543393
FollowingFeedDoradoCooldownSix,1685543394
FollowingFeedDoradoCooldownSix,1685570528
FollowingFeedDoradoCooldownSix,1685570529
FollowingFeedDoradoCooldownSix,1685628385
FollowingFeedDoradoCooldownSix,1685628386
FollowingFeedDoradoCooldownSix,1685657091
FollowingFeedDoradoCooldownSix,1685657092
FollowingFeedDoradoCooldownSix,1685658792
FollowingFeedDoradoCooldownSix,1685658793
FollowingFeedDoradoCooldownSix,1685729851
FollowingFeedDoradoCooldownSix,1685729852
FollowingFeedDoradoCooldownSix,1685971972
FollowingFeedDoradoCooldownSix,1685971973
FollowingFeedDoradoCooldownSix,1685974032
FollowingFeedDoradoCooldownSix,1685974033
FollowingFeedDoradoCooldownSix,1686003085
FollowingFeedDoradoCooldownSix,1686003086
FollowingFeedDoradoCooldownSix,1686058424
FollowingFeedDoradoCooldownSix,1686058425
FollowingFeedDoradoCooldownSix,1686081428
FollowingFeedDoradoCooldownSix,1686081429
FollowingFeedDoradoCooldownSix,1686089553
FollowingFeedDoradoCooldownSix,1686089555
FollowingFeedDoradoCooldownSix,1686144864
FollowingFeedDoradoCooldownSix,1686144865
FollowingFeedDoradoCooldownSix,1686175630
FollowingFeedDoradoCooldownSix,1686175631
FollowingFeedDoradoCooldownSix,1686180044
FollowingFeedDoradoCooldownSix,1686180045
FollowingFeedDoradoCooldownSix,1686231325
FollowingFeedDoradoCooldownSix,1686231326
FollowingFeedDoradoCooldownSix,1686263667
FollowingFeedDoradoCooldownSix,1686263668
FollowingFeedDoradoCooldownSix,1686278158
FollowingFeedDoradoCooldownSix,1686278159
FollowingFeedDoradoCooldownSix,1686319653
FollowingFeedDoradoCooldownSix,1686336397
FollowingFeedDoradoCooldownSix,1686439979
FollowingFeedDoradoCooldownSix,1686439980
FollowingFeedDoradoCooldownSix,1686445310
FollowingFeedDoradoCooldownSix,1686445311
FollowingFeedDoradoCooldownSix,1686514041
FollowingFeedDoradoCooldownSix,1686514043
FollowingFeedDoradoCooldownSix,1686576949
FollowingFeedDoradoCooldownSix,1686576950
FollowingFeedDoradoCooldownSix,1686582557
FollowingFeedDoradoCooldownSix,1686582558
FollowingFeedDoradoCooldownSix,1686607840
FollowingFeedDoradoCooldownSix,1686607841
FollowingFeedDoradoCooldownSix,1686663365
FollowingFeedDoradoCooldownSix,1686663366
FollowingFeedDoradoCooldownSix,1686693924
FollowingFeedDoradoCooldownSix,1686693925
FollowingFeedDoradoCooldownSix,1686695749
FollowingFeedDoradoCooldownSix,1686695750
FollowingFeedDoradoCooldownSix,1686749792
FollowingFeedDoradoCooldownSix,1686749793
FollowingFeedDoradoCooldownSix,1686780376
FollowingFeedDoradoCooldownSix,1686780377
FollowingFeedDoradoCooldownSix,1686836108
FollowingFeedDoradoCooldownSix,1686836109
FollowingFeedDoradoCooldownSix,1686838005
FollowingFeedDoradoCooldownSix,1686838006
FollowingFeedDoradoCooldownSix,1686867322
FollowingFeedDoradoCooldownSix,1686867323
FollowingFeedDoradoCooldownSix,1686924325
FollowingFeedDoradoCooldownSix,1686924326
FollowingFeedDoradoCooldownSix,1686938933
FollowingFeedDoradoCooldownSix,1686938934
FollowingFeedDoradoCooldownSix,1687181883
FollowingFeedDoradoCooldownSix,1687181884
FollowingFeedDoradoCooldownSix,1687183827
FollowingFeedDoradoCooldownSix,1687183828
FollowingFeedDoradoCooldownSix,1687213580
FollowingFeedDoradoCooldownSix,1687213581
FollowingFeedDoradoCooldownSix,1687269796
FollowingFeedDoradoCooldownSix,1687269797
FollowingFeedDoradoCooldownSix,1687299968
FollowingFeedDoradoCooldownSix,1687299969
FollowingFeedDoradoCooldownSix,1687307082
FollowingFeedDoradoCooldownSix,1687307083
FollowingFeedDoradoCooldownSix,1687356392
FollowingFeedDoradoCooldownSix,1687356393
FollowingFeedDoradoCooldownSix,1687387324
FollowingFeedDoradoCooldownSix,1687387325
FollowingFeedDoradoCooldownSix,1687441269
FollowingFeedDoradoCooldownSix,1687441270
FollowingFeedDoradoCooldownSix,1687443232
FollowingFeedDoradoCooldownSix,1687443233
FollowingFeedDoradoCooldownSix,1687473957
FollowingFeedDoradoCooldownSix,1687473958
FollowingFeedDoradoCooldownSix,1687529295
FollowingFeedDoradoCooldownSix,1687544094
FollowingFeedDoradoCooldownSix,1687544095
FollowingFeedDoradoCooldownSix,1687545687
FollowingFeedDoradoCooldownSix,1687787040
FollowingFeedDoradoCooldownSix,1687787041
FollowingFeedDoradoCooldownSix,1687789020
FollowingFeedDoradoCooldownSix,1687789021
FollowingFeedDoradoCooldownSix,1687815291
FollowingFeedDoradoCooldownSix,1687815292
FollowingFeedDoradoCooldownSix,1687874705
FollowingFeedDoradoCooldownSix,1687874706
FollowingFeedDoradoCooldownSix,1687904495
FollowingFeedDoradoCooldownSix,1687904496
FollowingFeedDoradoCooldownSix,1687906311
FollowingFeedDoradoCooldownSix,1687906312
FollowingFeedDoradoCooldownSix,1687961156
FollowingFeedDoradoCooldownSix,1687990890
FollowingFeedDoradoCooldownSix,1687992635
FollowingFeedDoradoCooldownSix,1687992636
FollowingFeedDoradoCooldownSix,1688045741
FollowingFeedDoradoCooldownSix,1688045742
FollowingFeedDoradoCooldownSix,1688047631
FollowingFeedDoradoCooldownSix,1688078520
FollowingFeedDoradoCooldownSix,1688132201
FollowingFeedDoradoCooldownSix,1688134021
FollowingFeedDoradoCooldownSix,1688134022
FollowingFeedDoradoCooldownSix,1688149850
FollowingFeedDoradoCooldownSix,1688149851
FollowingFeedDoradoCooldownSix,1688564247
FollowingFeedDoradoCooldownSix,1688564248
FollowingFeedDoradoCooldownSix,1688566025
FollowingFeedDoradoCooldownSix,1688566026
FollowingFeedDoradoCooldownSix,1688594295
FollowingFeedDoradoCooldownSix,1688594296
FollowingFeedDoradoCooldownSix,1688652232
FollowingFeedDoradoCooldownSix,1688652233
FollowingFeedDoradoCooldownSix,1688681149
FollowingFeedDoradoCooldownSix,1688681150
FollowingFeedDoradoCooldownSix,1688682879
FollowingFeedDoradoCooldownSix,1688682880
FollowingFeedDoradoCooldownSix,1688738751
FollowingFeedDoradoCooldownSix,1688738752
FollowingFeedDoradoCooldownSix,1688880643
FollowingFeedDoradoCooldownSix,1688880665
FollowingFeedDoradoCooldownSix,1688880666
FollowingFeedDoradoCooldownSix,1688943283
FollowingFeedDoradoCooldownSix,1688943284
FollowingFeedDoradoCooldownSix,1688948426
FollowingFeedDoradoCooldownSix,1688996203
FollowingFeedDoradoCooldownSix,1688996204
FollowingFeedDoradoCooldownSix,1688998268
FollowingFeedDoradoCooldownSix,1689082565
FollowingFeedDoradoCooldownSix,1689084737
FollowingFeedDoradoCooldownSix,1689084738
FollowingFeedDoradoCooldownSix,1689113580
FollowingFeedDoradoCooldownSix,1689113581
FollowingFeedDoradoCooldownSix,1689115632
FollowingFeedDoradoCooldownSix,1689169023
FollowingFeedDoradoCooldownSix,1689200403
FollowingFeedDoradoCooldownSix,1689200404
FollowingFeedDoradoCooldownSix,1689202012
FollowingFeedDoradoCooldownSix,1689202013
FollowingFeedDoradoCooldownSix,1689208607
FollowingFeedDoradoCooldownSix,1689257182
FollowingFeedDoradoCooldownSix,1689288520
FollowingFeedDoradoCooldownSix,1689288521
FollowingFeedDoradoCooldownSix,1689342108
FollowingFeedDoradoCooldownSix,1689342109
FollowingFeedDoradoCooldownSix,1689358869
FollowingFeedDoradoCooldownSix,1689358870
FollowingFeedDoradoCooldownSix,1689463728
FollowingFeedDoradoCooldownSix,1689463729
FollowingFeedDoradoCooldownSix,1689468697
FollowingFeedDoradoCooldownSix,1689468698
FollowingFeedDoradoCooldownSix,1689601296
FollowingFeedDoradoCooldownSix,1689601297
FollowingFeedDoradoCooldownSix,1689604580
FollowingFeedDoradoCooldownSix,1689604581
FollowingFeedDoradoCooldownSix,1689614910
FollowingFeedDoradoCooldownSix,1689614911
FollowingFeedDoradoCooldownSix,1689689675
FollowingFeedDoradoCooldownSix,1689689676
FollowingFeedDoradoCooldownSix,1689712752
FollowingFeedDoradoCooldownSix,1689714322
FollowingFeedDoradoCooldownSix,1689714323
FollowingFeedDoradoCooldownSix,1689717391
FollowingFeedDoradoCooldownSix,1690411509
FollowingFeedDoradoCooldownSix,1690411510
FollowingFeedDoradoCooldownSix,1690418785
FollowingFeedDoradoCooldownSix,1690418786
FollowingFeedDoradoCooldownSix,1692119453
FollowingFeedDoradoCooldownSix,1692123500
FollowingFeedDoradoCooldownSix,1692123501
FollowingFeedDoradoCooldownSix,1692124014
FollowingFeedDoradoCooldownSix,1692124015
FollowingFeedDoradoCooldownSix,1692638172
FollowingFeedDoradoCooldownSix,1692638173
FollowingFeedDoradoCooldownSix,1692638174
FollowingFeedDoradoCooldownSix,1692642685
FollowingFeedDoradoCooldownSix,1692644697
FollowingFeedDoradoCooldownSix,1692644698
FollowingFeedDoradoCooldownSix,1692745170
FollowingFeedDoradoCooldownSix,1692745171
FollowingFeedDoradoCooldownSix,1692750409
FollowingFeedDoradoCooldownSix,1692750410
FollowingFeedDoradoCooldownSix,1693156007
FollowingFeedDoradoCooldownSix,1693156008
FollowingFeedDoradoCooldownSix,1693161051
FollowingFeedDoradoCooldownSix,1693161052
FollowingFeedDoradoCooldownSix,1693320730
FollowingFeedDoradoCooldownSix,1693320731
FollowingFeedDoradoCooldownSix,1693320735
FollowingFeedDoradoCooldownSix,1693321456
FollowingFeedDoradoCooldownSix,1693321457
FollowingFeedDoradoCooldownSix,1693352616
FollowingFeedDoradoCooldownSix,1693407394
FollowingFeedDoradoCooldownSix,1693407395
FollowingFeedDoradoCooldownSix,1693407997
FollowingFeedDoradoCooldownSix,1693438645
FollowingFeedDoradoCooldownSix,1693438646
FollowingFeedDoradoCooldownSix,1693439258
FollowingFeedDoradoCooldownSix,1693494612
FollowingFeedDoradoCooldownSix,1693494617
FollowingFeedDoradoCooldownSix,1693495134
FollowingFeedDoradoCooldownSix,1693526083
FollowingFeedDoradoCooldownSix,1693526084
FollowingFeedDoradoCooldownSix,1693526598
FollowingFeedDoradoCooldownSix,1693585055
FollowingFeedDoradoCooldownSix,1693585056
FollowingFeedDoradoCooldownSix,1693591702
FollowingFeedDoradoCooldownSix,1693760555
FollowingFeedDoradoCooldownSix,1693760560
FollowingFeedDoradoCooldownSix,1693760561
FollowingFeedDoradoCooldownSix,1693764799
FollowingFeedDoradoCooldownSix,1693783661
FollowingFeedDoradoCooldownSix,1693783662
FollowingFeedDoradoCooldownSix,1693852992
FollowingFeedDoradoCooldownSix,1693852993
FollowingFeedDoradoCooldownSix,1693929610
FollowingFeedDoradoCooldownSix,1693929612
FollowingFeedDoradoCooldownSix,1693932427
FollowingFeedDoradoCooldownSix,1693932428
FollowingFeedDoradoCooldownSix,1693961517
FollowingFeedDoradoCooldownSix,1693961519
FollowingFeedDoradoCooldownSix,1694048412
FollowingFeedDoradoCooldownSix,1694048413
FollowingFeedDoradoCooldownSix,1694049036
FollowingFeedDoradoCooldownSix,1694049037
FollowingFeedDoradoCooldownSix,1694101954
FollowingFeedDoradoCooldownSix,1694101955
FollowingFeedDoradoCooldownSix,1694188552
FollowingFeedDoradoCooldownSix,1694188553
FollowingFeedDoradoCooldownSix,1694192736
FollowingFeedDoradoCooldownSix,1694192737
FollowingFeedDoradoCooldownSix,1694220133
FollowingFeedDoradoCooldownSix,1694220134
FollowingFeedDoradoCooldownSix,1694447148
FollowingFeedDoradoCooldownSix,1694447149
FollowingFeedDoradoCooldownSix,1694447773
FollowingFeedDoradoCooldownSix,1694447774
FollowingFeedDoradoCooldownSix,1694478956
FollowingFeedDoradoCooldownSix,1694478957
FollowingFeedDoradoCooldownSix,1694534008
FollowingFeedDoradoCooldownSix,1694534009
FollowingFeedDoradoCooldownSix,1694534787
FollowingFeedDoradoCooldownSix,1694534788
FollowingFeedDoradoCooldownSix,1694565811
FollowingFeedDoradoCooldownSix,1694565812
FollowingFeedDoradoCooldownSix,1694620498
FollowingFeedDoradoCooldownSix,1694620499
FollowingFeedDoradoCooldownSix,1694651891
FollowingFeedDoradoCooldownSix,1694651892
FollowingFeedDoradoCooldownSix,1694652619
FollowingFeedDoradoCooldownSix,1694652620
FollowingFeedDoradoCooldownSix,1694707052
FollowingFeedDoradoCooldownSix,1694707053
FollowingFeedDoradoCooldownSix,1694738684
FollowingFeedDoradoCooldownSix,1694738685
FollowingFeedDoradoCooldownSix,1694739354
FollowingFeedDoradoCooldownSix,1694739355
FollowingFeedDoradoCooldownSix,1694793653
FollowingFeedDoradoCooldownSix,1694824783
FollowingFeedDoradoCooldownSix,1694825280
FollowingFeedDoradoCooldownSix,1694825281
FollowingFeedDoradoCooldownSix,1694993927
FollowingFeedDoradoCooldownSix,1694993928
FollowingFeedDoradoCooldownSix,1694997171
FollowingFeedDoradoCooldownSix,1694997172
FollowingFeedDoradoCooldownSix,1695052208
FollowingFeedDoradoCooldownSix,1695052209
FollowingFeedDoradoCooldownSix,1695084063
FollowingFeedDoradoCooldownSix,1695084064
FollowingFeedDoradoCooldownSix,1695084554
FollowingFeedDoradoCooldownSix,1695084555
FollowingFeedDoradoCooldownSix,1695139145
FollowingFeedDoradoCooldownSix,1695139146
FollowingFeedDoradoCooldownSix,1695171314
FollowingFeedDoradoCooldownSix,1695171315
FollowingFeedDoradoCooldownSix,1695171864
FollowingFeedDoradoCooldownSix,1695171865
FollowingFeedDoradoCooldownSix,1695256681
FollowingFeedDoradoCooldownSix,1695256682
FollowingFeedDoradoCooldownSix,1695311829
FollowingFeedDoradoCooldownSix,1695311830
FollowingFeedDoradoCooldownSix,1695312402
FollowingFeedDoradoCooldownSix,1695312403
FollowingFeedDoradoCooldownSix,1695343349
FollowingFeedDoradoCooldownSix,1695343350
FollowingFeedDoradoCooldownSix,1695398397
FollowingFeedDoradoCooldownSix,1695398398
FollowingFeedDoradoCooldownSix,1695428438
FollowingFeedDoradoCooldownSix,1695428439
FollowingFeedDoradoCooldownSix,1695657114
FollowingFeedDoradoCooldownSix,1695657115
FollowingFeedDoradoCooldownSix,1695657799
FollowingFeedDoradoCooldownSix,1695657800
FollowingFeedDoradoCooldownSix,1695689102
FollowingFeedDoradoCooldownSix,1695689103
FollowingFeedDoradoCooldownSix,1695743678
FollowingFeedDoradoCooldownSix,1695743680
FollowingFeedDoradoCooldownSix,1695744330
FollowingFeedDoradoCooldownSix,1695744332
FollowingFeedDoradoCooldownSix,1695775630
FollowingFeedDoradoCooldownSix,1695775631
FollowingFeedDoradoCooldownSix,1695830618
FollowingFeedDoradoCooldownSix,1695830619
FollowingFeedDoradoCooldownSix,1695861834
FollowingFeedDoradoCooldownSix,1695861840
FollowingFeedDoradoCooldownSix,1695862330
FollowingFeedDoradoCooldownSix,1695862331
FollowingFeedDoradoCooldownSix,1695948031
FollowingFeedDoradoCooldownSix,1695948032
FollowingFeedDoradoCooldownSix,1695948519
FollowingFeedDoradoCooldownSix,1695948520
FollowingFeedDoradoCooldownSix,1696002708
FollowingFeedDoradoCooldownSix,1696002709
FollowingFeedDoradoCooldownSix,1696034677
FollowingFeedDoradoCooldownSix,1696034678
FollowingFeedDoradoCooldownSix,1696262633
FollowingFeedDoradoCooldownSix,1696262634
FollowingFeedDoradoCooldownSix,1696263155
FollowingFeedDoradoCooldownSix,1696263156
FollowingFeedDoradoCooldownSix,1696294021
FollowingFeedDoradoCooldownSix,1696294022
FollowingFeedDoradoCooldownSix,1696349173
FollowingFeedDoradoCooldownSix,1696349174
FollowingFeedDoradoCooldownSix,1696380202
FollowingFeedDoradoCooldownSix,1696380203
FollowingFeedDoradoCooldownSix,1696380739
FollowingFeedDoradoCooldownSix,1696380740
FollowingFeedDoradoCooldownSix,1696466363
FollowingFeedDoradoCooldownSix,1696466364
FollowingFeedDoradoCooldownSix,1696472700
FollowingFeedDoradoCooldownSix,1696472701
FollowingFeedDoradoCooldownSix,1696521146
FollowingFeedDoradoCooldownSix,1696521147
FollowingFeedDoradoCooldownSix,1696552797
FollowingFeedDoradoCooldownSix,1696552799
FollowingFeedDoradoCooldownSix,1696607878
FollowingFeedDoradoCooldownSix,1696607879
FollowingFeedDoradoCooldownSix,1696608520
FollowingFeedDoradoCooldownSix,1696608521
FollowingFeedDoradoCooldownSix,1696639621
FollowingFeedDoradoCooldownSix,1696639622
FollowingFeedDoradoCooldownSix,1696866788
FollowingFeedDoradoCooldownSix,1696866789
FollowingFeedDoradoCooldownSix,1696867398
FollowingFeedDoradoCooldownSix,1696867400
FollowingFeedDoradoCooldownSix,1696899156
FollowingFeedDoradoCooldownSix,1696899157
FollowingFeedDoradoCooldownSix,1696953192
FollowingFeedDoradoCooldownSix,1696953193
FollowingFeedDoradoCooldownSix,1696984774
FollowingFeedDoradoCooldownSix,1696984775
FollowingFeedDoradoCooldownSix,1697040150
FollowingFeedDoradoCooldownSix,1697040151
FollowingFeedDoradoCooldownSix,1697040731
FollowingFeedDoradoCooldownSix,1697040732
FollowingFeedDoradoCooldownSix,1697071208
FollowingFeedDoradoCooldownSix,1697071209
FollowingFeedDoradoCooldownSix,1697127079
FollowingFeedDoradoCooldownSix,1697127080
FollowingFeedDoradoCooldownSix,1697157326
FollowingFeedDoradoCooldownSix,1697157327
FollowingFeedDoradoCooldownSix,1697157851
FollowingFeedDoradoCooldownSix,1697212460
FollowingFeedDoradoCooldownSix,1697243541
FollowingFeedDoradoCooldownSix,1697243542
FollowingFeedDoradoCooldownSix,1697244011
FollowingFeedDoradoCooldownSix,1697246680
FollowingFeedDoradoCooldownSix,1697246681
FollowingFeedDoradoCooldownSix,1697483216
FollowingFeedDoradoCooldownSix,1697483217
FollowingFeedDoradoCooldownSix,1697483829
FollowingFeedDoradoCooldownSix,1697483830
FollowingFeedDoradoCooldownSix,1697502938
FollowingFeedDoradoCooldownSix,1697503466
FollowingFeedDoradoCooldownSix,1697589440
FollowingFeedDoradoCooldownSix,1697589442
FollowingFeedDoradoCooldownSix,1697589980
FollowingFeedDoradoCooldownSix,1697589981
FollowingFeedDoradoCooldownSix,1697643899
FollowingFeedDoradoCooldownSix,1697644446
FollowingFeedDoradoCooldownSix,1697675890
FollowingFeedDoradoCooldownSix,1697675892
FollowingFeedDoradoCooldownSix,1697676456
FollowingFeedDoradoCooldownSix,1697676457
FollowingFeedDoradoCooldownSix,1697730623
FollowingFeedDoradoCooldownSix,1697731209
FollowingFeedDoradoCooldownSix,1697762737
FollowingFeedDoradoCooldownSix,1697762738
FollowingFeedDoradoCooldownSix,1697763290
FollowingFeedDoradoCooldownSix,1697817508
FollowingFeedDoradoCooldownSix,1697817509
FollowingFeedDoradoCooldownSix,1697818136
FollowingFeedDoradoCooldownSix,1698076418
FollowingFeedDoradoCooldownSix,1698076419
FollowingFeedDoradoCooldownSix,1698077095
FollowingFeedDoradoCooldownSix,1698077096
FollowingFeedDoradoCooldownSix,1698108139
FollowingFeedDoradoCooldownSix,1698108140
FollowingFeedDoradoCooldownSix,1698162853
FollowingFeedDoradoCooldownSix,1698162854
FollowingFeedDoradoCooldownSix,1698194506
FollowingFeedDoradoCooldownSix,1698194507
FollowingFeedDoradoCooldownSix,1698195028
FollowingFeedDoradoCooldownSix,1698245425
FollowingFeedDoradoCooldownSix,1698276844
FollowingFeedDoradoCooldownSix,1698276845
FollowingFeedDoradoCooldownSix,1698332059
FollowingFeedDoradoCooldownSix,1698332060
FollowingFeedDoradoCooldownSix,1698332619
FollowingFeedDoradoCooldownSix,1698332620
FollowingFeedDoradoCooldownSix,1698363430
FollowingFeedDoradoCooldownSix,1698363431
FollowingFeedDoradoCooldownSix,1698594851
FollowingFeedDoradoCooldownSix,1698594852
FollowingFeedDoradoCooldownSix,1698595648
FollowingFeedDoradoCooldownSix,1698624764
FollowingFeedDoradoCooldownSix,1698624765
FollowingFeedDoradoCooldownSix,1698625397
FollowingFeedDoradoCooldownSix,1698681490
FollowingFeedDoradoCooldownSix,1698681491
FollowingFeedDoradoCooldownSix,1698682143
FollowingFeedDoradoCooldownSix,1698712412
FollowingFeedDoradoCooldownSix,1698712413
FollowingFeedDoradoCooldownSix,1698712897
FollowingFeedDoradoCooldownSix,1698768936
FollowingFeedDoradoCooldownSix,1698768937
FollowingFeedDoradoCooldownSix,1698795662
FollowingFeedDoradoCooldownSix,1698854237
FollowingFeedDoradoCooldownSix,1698854238
FollowingFeedDoradoCooldownSix,1698854256
FollowingFeedDoradoCooldownSix,1698885251
FollowingFeedDoradoCooldownSix,1698885252
FollowingFeedDoradoCooldownSix,1698885758
FollowingFeedDoradoCooldownSix,1698941272
FollowingFeedDoradoCooldownSix,1698972076
FollowingFeedDoradoCooldownSix,1698972077
FollowingFeedDoradoCooldownSix,1698972759
FollowingFeedDoradoCooldownSix,1699027095
FollowingFeedDoradoCooldownSix,1699027096
FollowingFeedDoradoCooldownSix,1699059825
FollowingFeedDoradoCooldownSix,1699059826
FollowingFeedDoradoCooldownSix,1699060549
FollowingFeedDoradoCooldownSix,1699289773
FollowingFeedDoradoCooldownSix,1699289774
FollowingFeedDoradoCooldownSix,1699290520
FollowingFeedDoradoCooldownSix,1699290521
FollowingFeedDoradoCooldownSix,1699320968
FollowingFeedDoradoCooldownSix,1699321557
FollowingFeedDoradoCooldownSix,1699376600
FollowingFeedDoradoCooldownSix,1699376601
FollowingFeedDoradoCooldownSix,1699407379
FollowingFeedDoradoCooldownSix,1699407381
FollowingFeedDoradoCooldownSix,1699407898
FollowingFeedDoradoCooldownSix,1699462492
FollowingFeedDoradoCooldownSix,1699463107
FollowingFeedDoradoCooldownSix,1699493896
FollowingFeedDoradoCooldownSix,1699493897
FollowingFeedDoradoCooldownSix,1699494465
FollowingFeedDoradoCooldownSix,1699494466
FollowingFeedDoradoCooldownSix,1699549535
FollowingFeedDoradoCooldownSix,1699549536
FollowingFeedDoradoCooldownSix,1699580843
FollowingFeedDoradoCooldownSix,1699636392
FollowingFeedDoradoCooldownSix,1699636393
FollowingFeedDoradoCooldownSix,1699636950
FollowingFeedDoradoCooldownSix,1699668093
FollowingFeedDoradoCooldownSix,1699668094
FollowingFeedDoradoCooldownSix,1699678977
FollowingFeedDoradoCooldownSix,1699894887
FollowingFeedDoradoCooldownSix,1699894888
FollowingFeedDoradoCooldownSix,1699895487
FollowingFeedDoradoCooldownSix,1699895488
FollowingFeedDoradoCooldownSix,1699926055
FollowingFeedDoradoCooldownSix,1699926056
FollowingFeedDoradoCooldownSix,1699981682
FollowingFeedDoradoCooldownSix,1699981683
FollowingFeedDoradoCooldownSix,1700012538
FollowingFeedDoradoCooldownSix,1700012539
FollowingFeedDoradoCooldownSix,1700013165
FollowingFeedDoradoCooldownSix,1700154066
FollowingFeedDoradoCooldownSix,1700154067
FollowingFeedDoradoCooldownSix,1700154722
FollowingFeedDoradoCooldownSix,1700154723
FollowingFeedDoradoCooldownSix,1700186460
FollowingFeedDoradoCooldownSix,1700186461
FollowingFeedDoradoCooldownSix,1700240701
FollowingFeedDoradoCooldownSix,1700240702
FollowingFeedDoradoCooldownSix,1700272082
FollowingFeedDoradoCooldownSix,1700272083
FollowingFeedDoradoCooldownSix,1700499933
FollowingFeedDoradoCooldownSix,1700499934
FollowingFeedDoradoCooldownSix,1700500583
FollowingFeedDoradoCooldownSix,1700500584
FollowingFeedDoradoCooldownSix,1700530813
FollowingFeedDoradoCooldownSix,1700530814
FollowingFeedDoradoCooldownSix,1700617015
FollowingFeedDoradoCooldownSix,1700617016
FollowingFeedDoradoCooldownSix,1700617595
FollowingFeedDoradoCooldownSix,1700617596
FollowingFeedDoradoCooldownSix,1700672649
FollowingFeedDoradoCooldownSix,1700672650
FollowingFeedDoradoCooldownSix,1701100570
FollowingFeedDoradoCooldownSix,1701100571
FollowingFeedDoradoCooldownSix,1701101189
FollowingFeedDoradoCooldownSix,1701101191
FollowingFeedDoradoCooldownSix,1701132360
FollowingFeedDoradoCooldownSix,1701132361
FollowingFeedDoradoCooldownSix,1701190457
FollowingFeedDoradoCooldownSix,1701190458
FollowingFeedDoradoCooldownSix,1701191067
FollowingFeedDoradoCooldownSix,1701191068
FollowingFeedDoradoCooldownSix,1701222791
FollowingFeedDoradoCooldownSix,1701222793
FollowingFeedDoradoCooldownSix,1701277295
FollowingFeedDoradoCooldownSix,1701277296
FollowingFeedDoradoCooldownSix,1701308519
FollowingFeedDoradoCooldownSix,1701308521
FollowingFeedDoradoCooldownSix,1701363019
FollowingFeedDoradoCooldownSix,1701363020
FollowingFeedDoradoCooldownSix,1701394778
FollowingFeedDoradoCooldownSix,1701394779
FollowingFeedDoradoCooldownSix,1701395325
FollowingFeedDoradoCooldownSix,1701395326
FollowingFeedDoradoCooldownSix,1701450215
FollowingFeedDoradoCooldownSix,1701450216
FollowingFeedDoradoCooldownSix,1701710010
FollowingFeedDoradoCooldownSix,1701710011
FollowingFeedDoradoCooldownSix,1701710719
FollowingFeedDoradoCooldownSix,1701710720
FollowingFeedDoradoCooldownSix,1701740296
FollowingFeedDoradoCooldownSix,1701740898
FollowingFeedDoradoCooldownSix,1701798329
FollowingFeedDoradoCooldownSix,1701798330
FollowingFeedDoradoCooldownSix,1701826495
FollowingFeedDoradoCooldownSix,1701826496
FollowingFeedDoradoCooldownSix,1701827024
FollowingFeedDoradoCooldownSix,1701968053
FollowingFeedDoradoCooldownSix,1701968054
FollowingFeedDoradoCooldownSix,1701968714
FollowingFeedDoradoCooldownSix,1701968715
FollowingFeedDoradoCooldownSix,1701999610
FollowingFeedDoradoCooldownSix,1701999611
FollowingFeedDoradoCooldownSix,1702313940
FollowingFeedDoradoCooldownSix,1702313941
FollowingFeedDoradoCooldownSix,1702314558
FollowingFeedDoradoCooldownSix,1702314559
FollowingFeedDoradoCooldownSix,1702344645
FollowingFeedDoradoCooldownSix,1702344647
FollowingFeedDoradoCooldownSix,1702400596
FollowingFeedDoradoCooldownSix,1702400597
FollowingFeedDoradoCooldownSix,1702431493
FollowingFeedDoradoCooldownSix,1702431494
FollowingFeedDoradoCooldownSix,1702432084
FollowingFeedDoradoCooldownSix,1702432085
FollowingFeedDoradoCooldownSix,1702487195
FollowingFeedDoradoCooldownSix,1702487196
FollowingFeedDoradoCooldownSix,1702518125
FollowingFeedDoradoCooldownSix,1702518126
FollowingFeedDoradoCooldownSix,1702518742
FollowingFeedDoradoCooldownSix,1702573174
FollowingFeedDoradoCooldownSix,1702573794
FollowingFeedDoradoCooldownSix,1702573795
FollowingFeedDoradoCooldownSix,1705109599
FollowingFeedDoradoCooldownSix,1705109600
FollowingFeedDoradoCooldownSix,1705110240
FollowingFeedDoradoCooldownSix,1705110241
FollowingFeedDoradoCooldownSix,1705510645
FollowingFeedDoradoCooldownSix,1705510646
FollowingFeedDoradoCooldownSix,1705511383
FollowingFeedDoradoCooldownSix,1705541722
FollowingFeedDoradoCooldownSix,1705543878
FollowingFeedDoradoCooldownSix,1705543879
FollowingFeedDoradoCooldownSix,1705598432
FollowingFeedDoradoCooldownSix,1705598433
FollowingFeedDoradoCooldownSix,1705599040
FollowingFeedDoradoCooldownSix,1705628729
FollowingFeedDoradoCooldownSix,1705631639
FollowingFeedDoradoCooldownSix,1705631640
FollowingFeedDoradoCooldownSix,1706029157
FollowingFeedDoradoCooldownSix,1706029158
FollowingFeedDoradoCooldownSix,1706029851
FollowingFeedDoradoCooldownSix,1706029852
FollowingFeedDoradoCooldownSix,1706060592
FollowingFeedDoradoCooldownSix,1706060593
FollowingFeedDoradoCooldownSix,1706201744
FollowingFeedDoradoCooldownSix,1706201745
FollowingFeedDoradoCooldownSix,1706233114
FollowingFeedDoradoCooldownSix,1706233115
FollowingFeedDoradoCooldownSix,1706233722
FollowingFeedDoradoCooldownSix,1706233723
FollowingFeedDoradoCooldownSix,1706316030
FollowingFeedDoradoCooldownSix,1706316576
FollowingFeedDoradoCooldownSix,1706547512
FollowingFeedDoradoCooldownSix,1706548194
FollowingFeedDoradoCooldownSix,1706548195
FollowingFeedDoradoCooldownSix,1706578625
FollowingFeedDoradoCooldownSix,1706579261
FollowingFeedDoradoCooldownSix,1706633823
FollowingFeedDoradoCooldownSix,1706665250
FollowingFeedDoradoCooldownSix,1706665884
FollowingFeedDoradoCooldownSix,1706977474
FollowingFeedDoradoCooldownSix,1706981327
FollowingFeedDoradoCooldownSix,1707238626
FollowingFeedDoradoCooldownSix,1707239743
FollowingFeedDoradoCooldownSix,1707843616
FollowingFeedDoradoCooldownSix,1707844294
FollowingFeedDoradoCooldownSix,1707875314
FollowingFeedDoradoCooldownSix,1707875849
FollowingFeedDoradoCooldownSix,1708016134
FollowingFeedDoradoCooldownSix,1708047592
FollowingFeedDoradoCooldownSix,1708047593
FollowingFeedDoradoCooldownSix,1708048153
FollowingFeedDoradoCooldownSix,1708102311
FollowingFeedDoradoCooldownSix,1708133889
FollowingFeedDoradoCooldownSix,1708133890
FollowingFeedDoradoCooldownSix,1708134403
FollowingFeedDoradoCooldownSix,1708361327
FollowingFeedDoradoCooldownSix,1708365430
FollowingFeedDoradoCooldownSix,1708534956
FollowingFeedDoradoCooldownSix,1708535573
FollowingFeedDoradoCooldownSix,1708566036
FollowingFeedDoradoCooldownSix,1708566595
FollowingFeedDoradoCooldownSix,1708620733
FollowingFeedDoradoCooldownSix,1708621318
FollowingFeedDoradoCooldownSix,1708653295
FollowingFeedDoradoCooldownSix,1708653815
FollowingFeedDoradoCooldownSix,1708707448
FollowingFeedDoradoCooldownSix,1708711331
FollowingFeedDoradoCooldownSix,1708738804
FollowingFeedDoradoCooldownSix,1708738805
FollowingFeedDoradoCooldownSix,1708739428
FollowingFeedDoradoCooldownSix,1708794094
FollowingFeedDoradoCooldownSix,1708796865
FollowingFeedDoradoCooldownSix,1708881669
FollowingFeedDoradoCooldownSix,1708886733
FollowingFeedDoradoCooldownSix,1708966914
FollowingFeedDoradoCooldownSix,1708967552
FollowingFeedDoradoCooldownSix,1708999552
FollowingFeedDoradoCooldownSix,1709000116
FollowingFeedDoradoCooldownSix,1709000133
FollowingFeedDoradoCooldownSix,1709052842
FollowingFeedDoradoCooldownSix,1709053509
FollowingFeedDoradoCooldownSix,1709084052
FollowingFeedDoradoCooldownSix,1709084669
FollowingFeedDoradoCooldownSix,1709138987
FollowingFeedDoradoCooldownSix,1709139709
FollowingFeedDoradoCooldownSix,1709171050
FollowingFeedDoradoCooldownSix,1709171605
FollowingFeedDoradoCooldownSix,1709571462
FollowingFeedDoradoCooldownSix,1709572168
FollowingFeedDoradoCooldownSix,1709602699
FollowingFeedDoradoCooldownSix,1709603324
FollowingFeedDoradoCooldownSix,1709657846
FollowingFeedDoradoCooldownSix,1709658486
FollowingFeedDoradoCooldownSix,1709688804
FollowingFeedDoradoCooldownSix,1709689395
FollowingFeedDoradoCooldownSix,1709830833
FollowingFeedDoradoCooldownSix,1709831554
FollowingFeedDoradoCooldownSix,1709862274
FollowingFeedDoradoCooldownSix,1709862885
FollowingFeedDoradoCooldownSix,1709913220
FollowingFeedDoradoCooldownSix,1709913898
FollowingFeedDoradoCooldownSix,1710173210
FollowingFeedDoradoCooldownSix,1710173953
FollowingFeedDoradoCooldownSix,1725034277
FollowingFeedDoradoCooldownSix,1725034975
FollowingFeedDoradoCooldownSix,1725061222
FollowingFeedDoradoCooldownSix,1725061816
FollowingFeedDoradoCooldownSix,1725078998
FollowingFeedDoradoCooldownSix,1725079271
NewTermsOfService,1688564273
SuggestedRoutesInFeed,1698594851
SuggestedRoutesInFeed,1698595648
SuggestedRoutesInFeed,1698885251
SuggestedRoutesInFeed,1698885758
SuggestedRoutesInFeed,1698940598
SuggestedRoutesInFeed,1698941272
SuggestedRoutesInFeed,1698972076
SuggestedRoutesInFeed,1698972759
SuggestedRoutesInFeed,1699027095
SuggestedRoutesInFeed,1699027653
SuggestedRoutesInFeed,1699059825
SuggestedRoutesInFeed,1699060549
SuggestedRoutesInFeed,1699493896
SuggestedRoutesInFeed,1699494465
SuggestedRoutesInFeed,1699548852
SuggestedRoutesInFeed,1699549535
SuggestedRoutesInFeed,1699580125
SuggestedRoutesInFeed,1699580843
SuggestedRoutesInFeed,1699636392
SuggestedRoutesInFeed,1699636950
SuggestedRoutesInFeed,1699668093
SuggestedRoutesInFeed,1699678977
SuggestedRoutesInFeed,1700154066
SuggestedRoutesInFeed,1700154722
SuggestedRoutesInFeed,1700186460
SuggestedRoutesInFeed,1700186975
SuggestedRoutesInFeed,1700240075
SuggestedRoutesInFeed,1700240701
SuggestedRoutesInFeed,1700240702
SuggestedRoutesInFeed,1700272082
SuggestedRoutesInFeed,1701308520
SuggestedRoutesInFeed,1701309043
SuggestedRoutesInFeed,1701363019
SuggestedRoutesInFeed,1701363620
SuggestedRoutesInFeed,1701394778
SuggestedRoutesInFeed,1701395325
SuggestedRoutesInFeed,1701450215
SuggestedRoutesInFeed,1701450840
SuggestedRoutesInFeed,1701481160
SuggestedRoutesInFeed,1701968053
SuggestedRoutesInFeed,1701968714
SuggestedRoutesInFeed,1701999610
SuggestedRoutesInFeed,1702000145
SuggestedRoutesInFeed,1702518125
SuggestedRoutesInFeed,1702518126
SuggestedRoutesInFeed,1702518742
SuggestedRoutesInFeed,1702573174
SuggestedRoutesInFeed,1702573794
SuggestedRoutesInFeed,1702605006
SuggestedRoutesInFeed,1702605562
SuggestedRoutesInFeed,1702659677
SuggestedRoutesInFeed,1702660351
SuggestedRoutesInFeed,1702664559
SuggestedRoutesInFeed,1702689878
SuggestedRoutesInFeed,1702690549
SuggestedRoutesInFeed,1703195683
SuggestedRoutesInFeed,1703199298
SuggestedRoutesInFeed,1704393991
SuggestedRoutesInFeed,1704416892
SuggestedRoutesInFeed,1704421395
SuggestedRoutesInFeed,1704474308
SuggestedRoutesInFeed,1704504859
SuggestedRoutesInFeed,1704505539
SuggestedRoutesInFeed,1704988025
SuggestedRoutesInFeed,1704988680
SuggestedRoutesInFeed,1705019956
SuggestedRoutesInFeed,1705020601
SuggestedRoutesInFeed,1705078749
SuggestedRoutesInFeed,1705109599
SuggestedRoutesInFeed,1705110240
SuggestedRoutesInFeed,1705541722
SuggestedRoutesInFeed,1705543878
SuggestedRoutesInFeed,1705598432
SuggestedRoutesInFeed,1705599040
SuggestedRoutesInFeed,1705628729
SuggestedRoutesInFeed,1705631639
SuggestedRoutesInFeed,1706201745
SuggestedRoutesInFeed,1706233114
SuggestedRoutesInFeed,1706233115
SuggestedRoutesInFeed,1706233722
SuggestedRoutesInFeed,1706284197
SuggestedRoutesInFeed,1706284856
SuggestedRoutesInFeed,1706316030
SuggestedRoutesInFeed,1706316576
SuggestedRoutesInFeed,1706977474
SuggestedRoutesInFeed,1706981327
SuggestedRoutesInFeed,1708016134
SuggestedRoutesInFeed,1708047592
SuggestedRoutesInFeed,1708047593
SuggestedRoutesInFeed,1708048153
SuggestedRoutesInFeed,1708102311
SuggestedRoutesInFeed,1708133889
SuggestedRoutesInFeed,1708133890
SuggestedRoutesInFeed,1708134403
SuggestedRoutesInFeed,1708566036
SuggestedRoutesInFeed,1708566595
SuggestedRoutesInFeed,1708620733
SuggestedRoutesInFeed,1708621318
SuggestedRoutesInFeed,1708653295
SuggestedRoutesInFeed,1708653815
SuggestedRoutesInFeed,1708707448
SuggestedRoutesInFeed,1708711331
SuggestedRoutesInFeed,1708738804
SuggestedRoutesInFeed,1708738805
SuggestedRoutesInFeed,1708739428
SuggestedRoutesInFeed,1708794094
SuggestedRoutesInFeed,1708796865
SuggestedRoutesInFeed,1708881669
SuggestedRoutesInFeed,1708886733
SuggestedRoutesInFeed,1709171050
SuggestedRoutesInFeed,1709171605
SuggestedRoutesInFeed,1709491739
SuggestedRoutesInFeed,1709494156
SuggestedRoutesInFeed,1709494730
SuggestedRoutesInFeed,1709830833
SuggestedRoutesInFeed,1709831554
SuggestedRoutesInFeed,1709862274
SuggestedRoutesInFeed,1709862885
SuggestedRoutesInFeed,1709913220
SuggestedRoutesInFeed,1709913898
SuggestedRoutesInFeed,1724891468
SuggestedRoutesInFeed,1724892113
SuggestedRoutesInFeed,1724948064
SuggestedRoutesInFeed,1724975925
SuggestedRoutesInFeed,1724975926
SuggestedRoutesInFeed,1724977806
SuggestedRoutesInFeed,1725034277
SuggestedRoutesInFeed,1725034975
SuggestedRoutesInFeed,1725061222
SuggestedRoutesInFeed,1725061816
SuggestedRoutesInFeed,1725078998
SuggestedRoutesInFeed,1725079271
YouTabProfileMove,1696553325
RecordScreenSpotifyCoachmark,1702573177
ChatShareActivityInMessageCoachmark,1701740898
ChatFeatureTryCtaImpression,1701740296
ChatFeatureTryCtaImpression,1702573174
ChatFeatureTryCtaImpression,1708102311
ChatFeatureTryCtaImpression,1712795881
FlyoverEducationCoachmark,1708973858
YiSFeedCarousel2023,1702605006
YiSFeedCarousel2023,1702605562
YiSFeedCarousel2023,1702659677
YiSFeedCarousel2023,1702660351
ActivityDetailsShareCoachmark,1713579015
ProgressUpsell,1725079274
AllSubscriptionUpsells,1725079274
MapsRedesignModalUnseen,1713119313
MapRedesignTooltipSavedUnseen,1716338589
MapRedesignTooltipMapOnly,1722633386
VerifiedSegmentsInfoCoachmark,1721920436
HideStartTime,1721920425
ParalympicsCarousel2024,1725034277
