Reaction Date,Reaction Type,Parent Type,Parent ID
"Oct 26, 2011, 4:20:51 PM",Kudos,Activity,2083561
"Dec 25, 2011, 9:36:25 PM",Kudos,Activity,2848575
"Jan 3, 2012, 10:08:42 PM",Kudos,Activity,3025243
"Jan 3, 2012, 10:08:53 PM",Kudos,Activity,3025011
"Jan 5, 2012, 2:21:38 AM",Kudos,Activity,3090331
"May 13, 2012, 12:01:39 AM",Kudos,Activity,8335952
"May 30, 2012, 8:37:29 PM",Kudos,Activity,9726135
"May 30, 2012, 8:38:06 PM",Kudos,Activity,9561526
"Jun 11, 2012, 8:42:20 PM",Kudos,Activity,10595927
"Jun 20, 2012, 9:19:21 PM",Kudos,Activity,11291603
"Jun 20, 2012, 9:19:26 PM",Kudos,Activity,10890496
"Jun 23, 2012, 3:30:58 AM",Kudos,Activity,11481888
"Jun 23, 2012, 3:32:44 AM",Kudos,Activity,11467912
"Jun 28, 2012, 4:31:30 AM",Kudos,Activity,11912806
"Jul 2, 2012, 4:20:41 PM",Kudos,Activity,12147256
"Jul 13, 2012, 4:36:23 PM",Kudos,Activity,13231292
"Jul 26, 2012, 3:10:33 AM",Kudos,Activity,14572551
"Jul 26, 2012, 3:10:35 AM",Kudos,Activity,14514835
"Jul 27, 2012, 12:16:10 AM",Kudos,Activity,14778003
"Jul 30, 2012, 12:28:41 AM",Kudos,Activity,15174789
"Aug 8, 2012, 3:02:45 AM",Kudos,Activity,16931539
"Aug 14, 2012, 9:10:56 PM",Kudos,Activity,18502600
"Aug 23, 2012, 9:30:09 PM",Kudos,Activity,19500611
"Oct 2, 2012, 8:08:01 PM",Kudos,Activity,23805566
"Oct 6, 2012, 7:49:04 PM",Kudos,Activity,24153696
"Oct 6, 2012, 7:49:15 PM",Kudos,Activity,24084277
"Oct 9, 2012, 10:25:05 PM",Kudos,Activity,24498085
"Oct 12, 2012, 11:31:38 PM",Kudos,Activity,24831650
"Oct 14, 2012, 1:06:24 AM",Kudos,Activity,24938852
"Nov 3, 2012, 10:38:14 PM",Kudos,Activity,26793313
"Nov 3, 2012, 10:38:40 PM",Kudos,Activity,26747921
"Nov 5, 2012, 3:34:11 AM",Kudos,Activity,26966870
"Nov 5, 2012, 3:34:27 AM",Kudos,Activity,26969938
"Nov 7, 2012, 4:13:17 PM",Kudos,Activity,27107220
"Nov 14, 2012, 12:05:04 AM",Kudos,Activity,27740404
"Nov 14, 2012, 5:08:09 PM",Kudos,Activity,27749973
"Nov 15, 2012, 9:37:57 PM",Kudos,Activity,27886738
"Nov 16, 2012, 3:57:36 PM",Kudos,Activity,27906392
"Nov 16, 2012, 4:31:39 PM",Kudos,Activity,27910791
"Nov 18, 2012, 5:41:20 PM",Kudos,Activity,28146927
"Nov 20, 2012, 9:48:56 PM",Kudos,Activity,28640411
"Nov 27, 2012, 10:21:08 PM",Kudos,Activity,29885277
"Dec 17, 2012, 3:37:30 PM",Kudos,Activity,32747979
"Dec 29, 2012, 8:34:20 PM",Kudos,Activity,34604847
"Jan 13, 2013, 4:09:48 PM",Kudos,Feed Entry,426199
"Jan 30, 2013, 5:05:29 AM",Kudos,Activity,39099174
"Feb 4, 2013, 3:22:30 PM",Kudos,Activity,39495559
"Feb 4, 2013, 3:22:49 PM",Kudos,Activity,39506552
"Feb 20, 2013, 3:45:58 PM",Kudos,Activity,41556561
"Feb 28, 2013, 4:58:36 PM",Kudos,Activity,42488560
"Mar 8, 2013, 3:57:44 PM",Kudos,Activity,43567418
"Mar 27, 2013, 3:33:31 AM",Kudos,Activity,46002011
"Apr 9, 2013, 4:58:05 PM",Kudos,Activity,47542321
"Apr 9, 2013, 5:06:28 PM",Kudos,Activity,47595022
"May 26, 2013, 3:28:08 AM",Kudos,Activity,56093004
"May 26, 2013, 4:00:10 AM",Kudos,Activity,55916113
"Jun 3, 2013, 7:16:53 PM",Kudos,Activity,57867785
"Jun 10, 2013, 4:03:01 PM",Kudos,Activity,58677558
"Jun 26, 2013, 2:59:01 PM",Kudos,Activity,61201162
"Jun 28, 2013, 11:09:21 PM",Kudos,Activity,63259392
"Jul 2, 2013, 5:06:32 PM",Kudos,Activity,64165140
"Jul 30, 2013, 4:07:57 PM",Kudos,Activity,70791796
"Aug 11, 2013, 8:36:17 PM",Kudos,Activity,73966627
"Aug 15, 2013, 5:32:40 PM",Kudos,Activity,74683483
"Aug 19, 2013, 3:02:49 PM",Kudos,Activity,75882655
"Sep 5, 2013, 3:15:40 PM",Kudos,Activity,80145059
"Sep 11, 2013, 3:32:57 PM",Kudos,Activity,81586857
"Sep 19, 2013, 3:18:58 PM",Kudos,Activity,83344732
"Sep 19, 2013, 3:19:04 PM",Kudos,Activity,83334099
"Oct 11, 2013, 3:16:39 PM",Kudos,Activity,88293134
"Oct 30, 2013, 3:18:18 PM",Kudos,Activity,92111035
"Nov 18, 2013, 4:04:53 PM",Kudos,Activity,95506952
"Nov 18, 2013, 4:05:05 PM",Kudos,Activity,95680808
"Nov 21, 2013, 8:45:12 PM",Kudos,Activity,96262499
"Nov 29, 2013, 4:26:02 PM",Kudos,Activity,97424021
"Jan 17, 2014, 5:58:16 PM",Kudos,Activity,106868848
"Jan 22, 2014, 3:58:30 PM",Kudos,Activity,107887244
"Jan 27, 2014, 1:24:07 AM",Kudos,Activity,109200431
"Jan 27, 2014, 2:13:17 AM",Kudos,Activity,109187535
"Feb 12, 2014, 8:15:31 PM",Kudos,Activity,112761316
"Feb 14, 2014, 8:45:44 PM",Kudos,Activity,113273977
"Mar 25, 2014, 8:11:15 PM",Kudos,Activity,122188648
"May 18, 2014, 2:23:22 AM",Kudos,Activity,142402710
"May 24, 2014, 5:09:57 AM",Kudos,Activity,144797695
"May 24, 2014, 6:20:25 PM",Kudos,Activity,145005536
"May 25, 2014, 2:00:37 AM",Kudos,Activity,145162563
"May 31, 2014, 5:21:27 AM",Kudos,Activity,147483034
"Jun 1, 2014, 12:52:38 AM",Kudos,Activity,147476100
"Jun 1, 2014, 12:52:40 AM",Kudos,Activity,147476436
"Jun 1, 2014, 12:52:43 AM",Kudos,Activity,147497737
"Jun 1, 2014, 12:54:13 AM",Kudos,Activity,145893554
"Jun 1, 2014, 3:14:09 AM",Kudos,Activity,147796427
"Jun 3, 2014, 3:57:19 PM",Kudos,Activity,148816705
"Jun 3, 2014, 3:57:25 PM",Kudos,Activity,148822239
"Jun 4, 2014, 3:54:57 AM",Kudos,Activity,149224587
"Jun 5, 2014, 4:39:37 AM",Kudos,Activity,149556970
"Jun 6, 2014, 12:06:10 PM",Kudos,Activity,149960887
"Jun 7, 2014, 7:15:00 AM",Kudos,Activity,150356191
"Jun 9, 2014, 1:09:56 AM",Kudos,Activity,151062251
"Jun 11, 2014, 4:31:01 AM",Kudos,Activity,152011874
"Jun 11, 2014, 8:08:53 PM",Kudos,Activity,152320152
"Jun 12, 2014, 3:12:55 AM",Kudos,Activity,152488801
"Jun 12, 2014, 3:13:05 AM",Kudos,Activity,152072052
"Jun 14, 2014, 1:21:33 PM",Kudos,Activity,153232222
"Jun 14, 2014, 1:21:35 PM",Kudos,Activity,153236709
"Jun 14, 2014, 8:37:42 PM",Kudos,Activity,153518957
"Jun 15, 2014, 3:05:56 AM",Kudos,Activity,153624781
"Jun 15, 2014, 8:54:10 PM",Kudos,Activity,153982843
"Jun 17, 2014, 4:44:24 AM",Kudos,Activity,154486605
"Jun 18, 2014, 10:05:55 PM",Kudos,Activity,155201714
"Jun 25, 2014, 3:08:17 PM",Kudos,Activity,157786843
"Jun 25, 2014, 6:36:30 PM",Kudos,Activity,157800322
"Jun 26, 2014, 6:36:09 PM",Kudos,Activity,158225131
"Jun 30, 2014, 3:04:40 PM",Kudos,Activity,158897988
"Jul 1, 2014, 4:14:55 AM",Kudos,Activity,160173653
"Jul 1, 2014, 4:15:01 AM",Kudos,Activity,160173798
"Jul 1, 2014, 4:15:07 AM",Kudos,Activity,160174095
"Jul 2, 2014, 8:58:15 PM",Kudos,Activity,160922737
"Jul 3, 2014, 12:07:41 PM",Kudos,Activity,161044375
"Jul 7, 2014, 12:09:50 PM",Kudos,Activity,161800111
"Jul 7, 2014, 12:09:53 PM",Kudos,Activity,162655920
"Jul 7, 2014, 12:09:57 PM",Kudos,Activity,161782459
"Jul 7, 2014, 12:09:59 PM",Kudos,Activity,161782482
"Jul 7, 2014, 12:10:08 PM",Kudos,Activity,161809896
"Jul 7, 2014, 12:10:13 PM",Kudos,Activity,161691249
"Jul 9, 2014, 2:54:50 PM",Kudos,Activity,163507599
"Jul 10, 2014, 5:57:49 PM",Kudos,Activity,163913201
"Jul 11, 2014, 3:12:53 PM",Kudos,Activity,164304290
"Jul 14, 2014, 3:06:49 PM",Kudos,Activity,165574239
"Jul 16, 2014, 3:13:07 PM",Kudos,Activity,166046458
"Jul 16, 2014, 3:13:09 PM",Kudos,Activity,166046185
"Jul 16, 2014, 3:13:26 PM",Kudos,Activity,166507395
"Jul 16, 2014, 3:13:31 PM",Kudos,Activity,166520200
"Jul 17, 2014, 2:48:39 PM",Kudos,Activity,166958588
"Jul 19, 2014, 1:30:46 PM",Kudos,Activity,167425190
"Jul 21, 2014, 3:06:10 PM",Kudos,Activity,168700066
"Jul 21, 2014, 3:06:33 PM",Kudos,Activity,168601799
"Jul 24, 2014, 6:48:56 PM",Kudos,Activity,170104403
"Jul 30, 2014, 8:19:02 PM",Kudos,Activity,172319668
"Jul 30, 2014, 8:19:04 PM",Kudos,Activity,172321954
"Jul 30, 2014, 8:19:20 PM",Kudos,Activity,170899377
"Jul 31, 2014, 8:30:47 PM",Kudos,Activity,173596819
"Aug 2, 2014, 4:00:27 PM",Kudos,Activity,174116724
"Aug 2, 2014, 4:00:40 PM",Kudos,Activity,174118893
"Aug 2, 2014, 4:00:55 PM",Kudos,Activity,174095232
"Aug 2, 2014, 11:02:35 PM",Kudos,Activity,174473200
"Aug 4, 2014, 2:18:47 AM",Kudos,Activity,174959823
"Aug 5, 2014, 3:19:17 PM",Kudos,Activity,175593320
"Aug 5, 2014, 3:28:19 PM",Kudos,Activity,175579517
"Aug 5, 2014, 3:28:21 PM",Kudos,Activity,175571274
"Aug 9, 2014, 5:42:05 AM",Kudos,Activity,177373812
"Aug 9, 2014, 5:42:08 AM",Kudos,Activity,177515067
"Aug 9, 2014, 6:45:35 PM",Kudos,Activity,177534226
"Aug 9, 2014, 6:45:37 PM",Kudos,Activity,177531822
"Aug 9, 2014, 6:45:48 PM",Kudos,Activity,177103801
"Aug 11, 2014, 12:05:25 PM",Kudos,Activity,177952437
"Aug 12, 2014, 8:20:42 PM",Kudos,Activity,178997544
"Aug 12, 2014, 8:20:43 PM",Kudos,Activity,178975419
"Aug 19, 2014, 4:05:21 PM",Kudos,Activity,182216897
"Aug 22, 2014, 5:21:43 PM",Kudos,Activity,183054471
"Aug 22, 2014, 5:22:37 PM",Kudos,Activity,183176102
"Aug 24, 2014, 6:37:13 PM",Kudos,Activity,184832635
"Aug 26, 2014, 2:15:33 PM",Kudos,Feed Entry,8892635
"Aug 26, 2014, 2:15:35 PM",Kudos,Activity,185390774
"Aug 26, 2014, 2:16:01 PM",Kudos,Activity,185386940
"Aug 26, 2014, 2:16:02 PM",Kudos,Activity,185378759
"Aug 31, 2014, 1:20:54 PM",Kudos,Activity,187614032
"Aug 31, 2014, 1:21:00 PM",Kudos,Activity,187475354
"Aug 31, 2014, 1:21:24 PM",Kudos,Activity,187370196
"Aug 31, 2014, 1:21:27 PM",Kudos,Activity,187149659
"Aug 31, 2014, 1:21:29 PM",Kudos,Activity,187145753
"Aug 31, 2014, 1:21:33 PM",Kudos,Activity,186696698
"Aug 31, 2014, 5:02:01 PM",Kudos,Activity,187964639
"Sep 2, 2014, 3:11:12 PM",Kudos,Activity,188633846
"Sep 2, 2014, 3:11:13 PM",Kudos,Activity,188633676
"Sep 3, 2014, 12:24:35 PM",Kudos,Activity,189069375
"Sep 3, 2014, 12:24:37 PM",Kudos,Activity,189099938
"Sep 3, 2014, 7:55:02 PM",Kudos,Activity,189334507
"Sep 4, 2014, 3:23:26 PM",Kudos,Activity,189553486
"Sep 7, 2014, 6:11:16 PM",Kudos,Activity,190685193
"Sep 7, 2014, 6:11:18 PM",Kudos,Activity,190392662
"Sep 7, 2014, 6:11:20 PM",Kudos,Activity,190385413
"Sep 7, 2014, 6:11:21 PM",Kudos,Activity,190396465
"Sep 9, 2014, 3:04:19 PM",Kudos,Activity,191925082
"Sep 9, 2014, 3:04:20 PM",Kudos,Activity,191921445
"Sep 9, 2014, 3:04:28 PM",Kudos,Activity,191483963
"Sep 9, 2014, 3:04:32 PM",Kudos,Activity,191716818
"Sep 10, 2014, 1:58:37 AM",Kudos,Activity,192309891
"Sep 13, 2014, 2:16:16 PM",Kudos,Activity,193659521
"Sep 13, 2014, 2:16:16 PM",Kudos,Activity,193670640
"Sep 13, 2014, 2:16:29 PM",Kudos,Activity,193533124
"Sep 15, 2014, 7:58:48 PM",Kudos,Activity,194526995
"Sep 15, 2014, 7:59:38 PM",Kudos,Activity,194640179
"Sep 16, 2014, 3:36:38 AM",Kudos,Activity,195117910
"Sep 17, 2014, 2:50:29 PM",Kudos,Activity,195578808
"Sep 18, 2014, 2:44:40 PM",Kudos,Activity,195931975
"Sep 20, 2014, 3:59:46 AM",Kudos,Activity,196830001
"Sep 20, 2014, 3:59:49 AM",Kudos,Activity,196812333
"Sep 20, 2014, 4:00:16 AM",Kudos,Activity,196721479
"Sep 20, 2014, 3:06:00 PM",Kudos,Activity,196825982
"Sep 21, 2014, 7:42:11 PM",Kudos,Activity,197176999
"Sep 21, 2014, 7:42:12 PM",Kudos,Activity,197205581
"Sep 24, 2014, 4:35:44 PM",Kudos,Activity,198699348
"Sep 25, 2014, 2:56:57 AM",Kudos,Activity,199011239
"Sep 25, 2014, 2:58:00 AM",Kudos,Activity,199047112
"Oct 2, 2014, 2:31:20 PM",Kudos,Activity,202158988
"Oct 2, 2014, 2:31:22 PM",Kudos,Activity,202114159
"Oct 2, 2014, 2:31:24 PM",Kudos,Activity,202051031
"Oct 2, 2014, 2:31:30 PM",Kudos,Activity,201619972
"Oct 2, 2014, 2:31:33 PM",Kudos,Activity,201269977
"Oct 2, 2014, 2:31:35 PM",Kudos,Activity,201264546
"Oct 2, 2014, 2:31:38 PM",Kudos,Activity,200193322
"Oct 2, 2014, 2:31:41 PM",Kudos,Activity,199814495
"Oct 4, 2014, 2:26:12 AM",Kudos,Activity,202930090
"Oct 4, 2014, 7:20:51 PM",Kudos,Activity,203243301
"Oct 6, 2014, 12:03:22 PM",Kudos,Activity,203833710
"Oct 6, 2014, 12:03:24 PM",Kudos,Activity,203738823
"Oct 7, 2014, 4:36:02 AM",Kudos,Activity,204273864
"Oct 7, 2014, 4:36:05 AM",Kudos,Activity,204268951
"Oct 7, 2014, 4:36:06 AM",Kudos,Activity,204268102
"Oct 7, 2014, 4:36:09 AM",Kudos,Activity,204268730
"Oct 7, 2014, 12:02:32 PM",Kudos,Activity,204288562
"Oct 8, 2014, 3:16:47 AM",Kudos,Activity,204662975
"Oct 9, 2014, 12:07:25 PM",Kudos,Activity,205039980
"Oct 11, 2014, 9:47:22 PM",Kudos,Activity,206147633
"Oct 15, 2014, 1:34:18 AM",Kudos,Activity,207455950
"Oct 17, 2014, 12:03:35 PM",Kudos,Activity,208197299
"Oct 18, 2014, 5:04:54 AM",Kudos,Activity,208528012
"Oct 18, 2014, 5:04:55 AM",Kudos,Activity,208523829
"Oct 18, 2014, 10:18:55 PM",Kudos,Activity,208912029
"Oct 20, 2014, 4:22:53 PM",Kudos,Activity,209659848
"Oct 21, 2014, 4:41:54 AM",Kudos,Activity,209843804
"Oct 21, 2014, 4:41:55 AM",Kudos,Activity,209843822
"Oct 22, 2014, 12:28:47 PM",Kudos,Activity,210263298
"Oct 22, 2014, 12:28:49 PM",Kudos,Activity,210187422
"Oct 23, 2014, 2:13:27 PM",Kudos,Activity,210536638
"Oct 27, 2014, 2:46:15 AM",Kudos,Activity,210864113
"Oct 27, 2014, 2:46:16 AM",Kudos,Activity,211561412
"Oct 27, 2014, 2:46:18 AM",Kudos,Activity,211601013
"Oct 27, 2014, 2:46:21 AM",Kudos,Activity,212060317
"Oct 27, 2014, 2:46:23 AM",Kudos,Activity,212141530
"Oct 31, 2014, 3:20:29 AM",Kudos,Activity,213715524
"Oct 31, 2014, 3:20:31 AM",Kudos,Activity,213719642
"Oct 31, 2014, 3:20:33 AM",Kudos,Activity,213715480
"Nov 4, 2014, 3:32:07 AM",Kudos,Activity,215281439
"Nov 4, 2014, 3:32:07 AM",Kudos,Activity,215280871
"Nov 5, 2014, 7:05:18 PM",Kudos,Activity,215633003
"Nov 5, 2014, 7:05:20 PM",Kudos,Activity,215623056
"Nov 7, 2014, 5:12:39 AM",Kudos,Activity,216361395
"Nov 9, 2014, 3:33:33 AM",Kudos,Activity,216993643
"Nov 9, 2014, 12:59:17 PM",Kudos,Activity,217059326
"Nov 11, 2014, 1:16:06 PM",Kudos,Activity,217877949
"Nov 11, 2014, 1:16:15 PM",Kudos,Activity,217941790
"Nov 13, 2014, 5:27:06 PM",Kudos,Activity,218672098
"Nov 13, 2014, 5:27:12 PM",Kudos,Activity,218289510
"Nov 15, 2014, 4:15:41 AM",Kudos,Activity,219278020
"Nov 15, 2014, 4:15:43 AM",Kudos,Activity,219273555
"Nov 19, 2014, 4:04:47 AM",Kudos,Activity,220769834
"Nov 19, 2014, 4:04:49 AM",Kudos,Activity,220779624
"Nov 19, 2014, 4:33:03 PM",Kudos,Activity,220764535
"Nov 25, 2014, 3:44:26 AM",Kudos,Activity,222915902
"Nov 25, 2014, 3:44:40 AM",Kudos,Activity,222922193
"Nov 26, 2014, 1:19:16 PM",Kudos,Activity,223201799
"Nov 28, 2014, 3:05:02 AM",Kudos,Activity,223877129
"Nov 29, 2014, 2:18:26 AM",Kudos,Activity,224144698
"Nov 29, 2014, 2:18:27 AM",Kudos,Activity,224144937
"Dec 2, 2014, 5:25:59 AM",Kudos,Activity,225350376
"Dec 5, 2014, 10:45:40 PM",Kudos,Activity,226310965
"Dec 7, 2014, 2:49:53 PM",Kudos,Activity,226891508
"Dec 7, 2014, 2:49:54 PM",Kudos,Activity,226882322
"Dec 8, 2014, 4:44:54 PM",Kudos,Activity,227317522
"Dec 9, 2014, 4:39:07 AM",Kudos,Activity,227655166
"Dec 9, 2014, 4:39:08 AM",Kudos,Activity,227658497
"Dec 9, 2014, 4:39:10 AM",Kudos,Activity,227654024
"Dec 16, 2014, 10:54:14 PM",Kudos,Activity,230057920
"Dec 23, 2014, 4:37:35 AM",Kudos,Activity,231998821
"Dec 23, 2014, 4:37:36 AM",Kudos,Activity,231994453
"Dec 23, 2014, 4:37:37 AM",Kudos,Activity,231997467
"Dec 23, 2014, 5:31:38 AM",Kudos,Activity,232020064
"Dec 30, 2014, 4:39:35 AM",Kudos,Activity,234316930
"Dec 30, 2014, 4:39:36 AM",Kudos,Activity,234317104
"Jan 1, 2015, 4:33:11 AM",Kudos,Activity,234668532
"Jan 1, 2015, 4:33:12 AM",Kudos,Activity,235093972
"Jan 5, 2015, 5:38:15 AM",Kudos,Activity,236342983
"Jan 5, 2015, 5:38:49 AM",Kudos,Activity,236352180
"Jan 5, 2015, 5:38:55 AM",Kudos,Activity,236886451
"Jan 5, 2015, 5:39:37 AM",Kudos,Activity,235899353
"Jan 5, 2015, 5:40:12 AM",Kudos,Activity,235867244
"Jan 5, 2015, 5:41:58 AM",Kudos,Activity,235419279
"Jan 6, 2015, 4:38:03 AM",Kudos,Activity,237300264
"Jan 6, 2015, 4:38:08 AM",Kudos,Activity,237317554
"Jan 8, 2015, 12:35:21 AM",Kudos,Activity,238178935
"Jan 8, 2015, 12:35:24 AM",Kudos,Activity,238161222
"Jan 8, 2015, 12:35:27 AM",Kudos,Activity,237800121
"Jan 8, 2015, 12:35:32 AM",Kudos,Activity,237682709
"Jan 8, 2015, 4:18:04 PM",Kudos,Activity,238199834
"Jan 10, 2015, 6:56:39 AM",Kudos,Activity,238958377
"Jan 11, 2015, 3:16:01 PM",Kudos,Activity,239364977
"Jan 13, 2015, 5:13:39 AM",Kudos,Activity,240366437
"Jan 15, 2015, 4:02:21 AM",Kudos,Activity,241194944
"Jan 15, 2015, 4:02:23 AM",Kudos,Activity,241190834
"Jan 16, 2015, 3:53:26 PM",Kudos,Activity,241594183
"Jan 17, 2015, 5:13:17 AM",Kudos,Activity,242007913
"Jan 17, 2015, 5:13:21 AM",Kudos,Activity,241990540
"Jan 17, 2015, 5:13:22 AM",Kudos,Activity,241976603
"Jan 17, 2015, 5:13:24 AM",Kudos,Activity,241974522
"Jan 17, 2015, 5:13:33 AM",Kudos,Activity,241959996
"Jan 18, 2015, 7:36:53 AM",Kudos,Activity,242458047
"Jan 20, 2015, 4:30:30 AM",Kudos,Activity,243465977
"Jan 20, 2015, 4:30:31 AM",Kudos,Activity,243461289
"Jan 20, 2015, 4:30:43 AM",Kudos,Activity,243469409
"Jan 24, 2015, 1:38:08 AM",Kudos,Activity,244751716
"Jan 24, 2015, 1:38:12 AM",Kudos,Activity,244289298
"Jan 24, 2015, 1:38:18 AM",Kudos,Activity,243493298
"Jan 24, 2015, 1:38:26 AM",Kudos,Activity,242955400
"Jan 24, 2015, 2:38:00 AM",Kudos,Activity,245134654
"Jan 24, 2015, 2:38:04 AM",Kudos,Activity,245139285
"Jan 25, 2015, 1:38:31 PM",Kudos,Activity,245596566
"Jan 25, 2015, 1:38:48 PM",Kudos,Activity,245619888
"Jan 26, 2015, 4:12:30 PM",Kudos,Activity,246199757
"Jan 31, 2015, 3:01:48 AM",Kudos,Activity,248334794
"Jan 31, 2015, 3:01:51 AM",Kudos,Activity,248334985
"Jan 31, 2015, 3:01:52 AM",Kudos,Activity,248325509
"Jan 31, 2015, 3:02:02 AM",Kudos,Activity,248002292
"Jan 31, 2015, 3:02:04 AM",Kudos,Activity,247921092
"Jan 31, 2015, 3:02:08 AM",Kudos,Activity,247538307
"Feb 2, 2015, 1:07:02 AM",Kudos,Activity,248766132
"Feb 2, 2015, 1:07:12 AM",Kudos,Activity,248797852
"Feb 17, 2015, 5:14:22 AM",Kudos,Activity,255987528
"Feb 17, 2015, 5:14:26 AM",Kudos,Activity,255997097
"Feb 17, 2015, 1:18:36 PM",Kudos,Activity,255997670
"Feb 17, 2015, 1:20:58 PM",Kudos,Activity,255997770
"Feb 19, 2015, 5:00:22 PM",Kudos,Activity,256440669
"Feb 19, 2015, 5:00:29 PM",Kudos,Activity,256453223
"Feb 21, 2015, 1:43:50 PM",Kudos,Activity,257662097
"Feb 21, 2015, 1:43:55 PM",Kudos,Activity,257677623
"Feb 22, 2015, 5:33:58 AM",Kudos,Activity,256459340
"Feb 22, 2015, 5:34:01 AM",Kudos,Activity,256865011
"Feb 22, 2015, 5:34:04 AM",Kudos,Activity,257186624
"Feb 22, 2015, 5:34:06 AM",Kudos,Activity,257571419
"Feb 22, 2015, 5:34:12 AM",Kudos,Activity,258141155
"Feb 22, 2015, 5:34:13 AM",Kudos,Activity,258141158
"Feb 24, 2015, 6:06:13 AM",Kudos,Activity,259097331
"Feb 25, 2015, 2:16:57 AM",Kudos,Activity,259457109
"Feb 26, 2015, 5:44:30 AM",Kudos,Activity,259926808
"Feb 28, 2015, 3:49:52 AM",Kudos,Activity,260755655
"Feb 28, 2015, 3:51:37 AM",Kudos,Activity,260765191
"Feb 28, 2015, 3:51:38 AM",Kudos,Activity,260752856
"Mar 1, 2015, 4:28:24 AM",Kudos,Activity,261251466
"Mar 1, 2015, 4:28:24 AM",Kudos,Activity,261260041
"Mar 1, 2015, 4:28:39 AM",Kudos,Activity,261266828
"Mar 1, 2015, 4:43:31 PM",Kudos,Activity,261169293
"Mar 2, 2015, 3:46:41 AM",Kudos,Activity,261818632
"Mar 3, 2015, 1:04:23 PM",Kudos,Activity,262233684
"Mar 3, 2015, 1:04:27 PM",Kudos,Activity,262224850
"Mar 5, 2015, 10:56:28 PM",Kudos,Activity,263147405
"Mar 5, 2015, 10:56:29 PM",Kudos,Activity,263144849
"Mar 6, 2015, 3:56:29 PM",Kudos,Activity,263166880
"Mar 6, 2015, 3:56:34 PM",Kudos,Activity,263114647
"Mar 7, 2015, 2:23:21 PM",Kudos,Activity,264015380
"Mar 7, 2015, 2:23:23 PM",Kudos,Activity,264004242
"Mar 8, 2015, 1:18:15 AM",Kudos,Activity,264564221
"Mar 9, 2015, 3:22:30 PM",Kudos,Activity,265194465
"Mar 9, 2015, 3:22:47 PM",Kudos,Activity,264581776
"Mar 10, 2015, 4:49:55 AM",Kudos,Activity,265759282
"Mar 10, 2015, 4:50:08 AM",Kudos,Activity,265749517
"Mar 11, 2015, 3:31:24 PM",Kudos,Activity,266308199
"Mar 11, 2015, 3:33:22 PM",Kudos,Activity,266293057
"Mar 12, 2015, 2:10:17 AM",Kudos,Activity,266776680
"Mar 12, 2015, 2:10:19 AM",Kudos,Activity,266737695
"Mar 13, 2015, 3:31:38 PM",Kudos,Activity,267336749
"Mar 15, 2015, 4:27:04 PM",Kudos,Activity,268249488
"Mar 15, 2015, 4:27:36 PM",Kudos,Activity,268096564
"Mar 15, 2015, 4:28:04 PM",Kudos,Activity,267734526
"Mar 15, 2015, 4:28:08 PM",Kudos,Activity,267678384
"Mar 15, 2015, 4:28:10 PM",Kudos,Activity,267623657
"Mar 16, 2015, 2:56:28 PM",Kudos,Activity,268909835
"Mar 16, 2015, 2:56:38 PM",Kudos,Activity,268787398
"Mar 16, 2015, 2:56:40 PM",Kudos,Activity,268723132
"Mar 17, 2015, 3:04:38 PM",Kudos,Activity,269420141
"Mar 17, 2015, 3:04:43 PM",Kudos,Activity,269397119
"Mar 18, 2015, 2:33:33 AM",Kudos,Activity,269954829
"Mar 19, 2015, 4:45:28 PM",Kudos,Activity,270438623
"Mar 19, 2015, 4:45:30 PM",Kudos,Activity,270428940
"Mar 22, 2015, 1:46:57 PM",Kudos,Activity,271986154
"Mar 22, 2015, 1:49:03 PM",Kudos,Activity,271343045
"Mar 23, 2015, 2:02:40 AM",Kudos,Activity,272681117
"Mar 23, 2015, 2:02:42 AM",Kudos,Activity,272480984
"Mar 25, 2015, 9:05:45 PM",Kudos,Activity,273140100
"Mar 26, 2015, 6:23:43 PM",Kudos,Activity,274131385
"Mar 26, 2015, 6:23:48 PM",Kudos,Activity,274196610
"Mar 26, 2015, 6:26:38 PM",Kudos,Activity,273684702
"Mar 26, 2015, 6:26:40 PM",Kudos,Activity,273610640
"Mar 26, 2015, 6:26:53 PM",Kudos,Activity,273157326
"Mar 27, 2015, 6:09:14 PM",Kudos,Activity,274651742
"Mar 27, 2015, 6:09:15 PM",Kudos,Activity,274638948
"Mar 27, 2015, 6:09:16 PM",Kudos,Activity,274657278
"Mar 27, 2015, 6:09:18 PM",Kudos,Activity,274873850
"Mar 30, 2015, 2:53:39 PM",Kudos,Activity,275576838
"Mar 31, 2015, 12:15:34 PM",Kudos,Activity,276725493
"Mar 31, 2015, 12:15:35 PM",Kudos,Activity,276738313
"Mar 31, 2015, 12:15:36 PM",Kudos,Activity,276723930
"Mar 31, 2015, 12:17:05 PM",Kudos,Activity,276054155
"Apr 1, 2015, 4:51:59 PM",Kudos,Activity,277243113
"Apr 2, 2015, 5:23:11 PM",Kudos,Activity,277737779
"Apr 2, 2015, 5:23:12 PM",Kudos,Activity,277709921
"Apr 5, 2015, 5:02:08 AM",Kudos,Activity,279364566
"Apr 5, 2015, 5:04:58 AM",Kudos,Activity,278813645
"Apr 5, 2015, 5:06:07 AM",Kudos,Activity,278745917
"Apr 7, 2015, 9:25:58 PM",Kudos,Activity,281119458
"Apr 7, 2015, 9:26:14 PM",Kudos,Activity,281015529
"Apr 7, 2015, 9:26:35 PM",Kudos,Activity,280646288
"Apr 7, 2015, 9:27:06 PM",Kudos,Activity,280660623
"Apr 7, 2015, 9:27:10 PM",Kudos,Activity,280020058
"Apr 9, 2015, 3:13:25 PM",Kudos,Activity,281785364
"Apr 9, 2015, 3:13:27 PM",Kudos,Activity,281793536
"Apr 10, 2015, 7:54:35 PM",Kudos,Activity,282457407
"Apr 10, 2015, 7:54:41 PM",Kudos,Activity,282406203
"Apr 10, 2015, 7:54:44 PM",Kudos,Activity,282398640
"Apr 13, 2015, 12:08:26 PM",Kudos,Activity,284358765
"Apr 13, 2015, 12:08:36 PM",Kudos,Activity,283605498
"Apr 13, 2015, 12:09:12 PM",Kudos,Activity,282982393
"Apr 13, 2015, 12:09:44 PM",Kudos,Activity,283495725
"Apr 15, 2015, 5:20:16 PM",Kudos,Activity,284959379
"Apr 15, 2015, 5:20:18 PM",Kudos,Activity,284978905
"Apr 15, 2015, 5:21:24 PM",Kudos,Activity,285390209
"Apr 15, 2015, 5:21:26 PM",Kudos,Activity,285628980
"Apr 16, 2015, 6:44:55 PM",Kudos,Activity,286246254
"Apr 17, 2015, 12:13:11 PM",Kudos,Activity,286908417
"Apr 18, 2015, 2:12:39 PM",Kudos,Activity,287430427
"Apr 18, 2015, 2:12:44 PM",Kudos,Activity,287356976
"Apr 19, 2015, 1:40:53 PM",Kudos,Activity,288103061
"Apr 20, 2015, 4:31:32 PM",Kudos,Activity,288891832
"Apr 21, 2015, 2:44:41 PM",Kudos,Activity,289464712
"Apr 21, 2015, 2:44:42 PM",Kudos,Activity,289468114
"Apr 21, 2015, 2:44:43 PM",Kudos,Activity,289489274
"Apr 24, 2015, 3:03:28 PM",Kudos,Activity,290135004
"Apr 24, 2015, 3:03:30 PM",Kudos,Activity,290135025
"Apr 24, 2015, 3:03:34 PM",Kudos,Activity,290756521
"Apr 24, 2015, 3:03:42 PM",Kudos,Activity,290823382
"Apr 25, 2015, 4:03:45 AM",Kudos,Activity,291954690
"Apr 25, 2015, 4:03:46 AM",Kudos,Activity,291949712
"Apr 27, 2015, 2:46:56 PM",Kudos,Activity,293319817
"Apr 27, 2015, 2:47:05 PM",Kudos,Activity,293134362
"Apr 27, 2015, 2:47:39 PM",Kudos,Activity,291993937
"Apr 28, 2015, 2:58:52 AM",Kudos,Activity,293923942
"Apr 28, 2015, 2:59:03 AM",Kudos,Activity,293905741
"Apr 28, 2015, 2:59:06 AM",Kudos,Activity,293877952
"Apr 28, 2015, 2:59:12 AM",Kudos,Activity,293799926
"Apr 30, 2015, 2:41:23 PM",Kudos,Activity,295077938
"Apr 30, 2015, 2:41:24 PM",Kudos,Activity,295140272
"May 1, 2015, 3:42:20 PM",Kudos,Activity,295712262
"May 4, 2015, 2:32:02 PM",Kudos,Activity,297704990
"May 4, 2015, 2:32:20 PM",Kudos,Activity,297252801
"May 8, 2015, 2:50:12 PM",Kudos,Activity,299643301
"May 11, 2015, 3:56:55 PM",Kudos,Activity,301808169
"May 11, 2015, 9:20:54 PM",Kudos,Activity,302653087
"May 11, 2015, 9:20:54 PM",Kudos,Activity,302648817
"May 11, 2015, 9:21:47 PM",Kudos,Activity,300772700
"May 13, 2015, 5:14:28 PM",Kudos,Activity,302796271
"May 14, 2015, 2:20:44 PM",Kudos,Activity,303483173
"May 14, 2015, 2:20:46 PM",Kudos,Activity,303456133
"May 14, 2015, 2:21:55 PM",Kudos,Activity,304079701
"May 14, 2015, 2:21:58 PM",Kudos,Activity,304363040
"May 18, 2015, 2:16:51 PM",Kudos,Activity,305309500
"May 18, 2015, 2:16:52 PM",Kudos,Activity,305292799
"May 19, 2015, 4:24:59 AM",Kudos,Activity,305381808
"May 19, 2015, 4:25:04 AM",Kudos,Activity,306695099
"May 19, 2015, 4:25:07 AM",Kudos,Activity,307340433
"May 19, 2015, 4:25:08 AM",Kudos,Activity,307340787
"May 21, 2015, 2:37:43 PM",Kudos,Activity,308598858
"May 21, 2015, 2:37:54 PM",Kudos,Activity,307967742
"May 23, 2015, 4:19:34 AM",Kudos,Activity,309777599
"May 23, 2015, 4:19:36 AM",Kudos,Activity,309762018
"May 23, 2015, 4:19:36 AM",Kudos,Activity,309734239
"May 23, 2015, 4:36:57 AM",Kudos,Activity,309741345
"May 24, 2015, 8:58:42 PM",Kudos,Activity,310765117
"May 24, 2015, 8:59:29 PM",Kudos,Activity,311026404
"May 26, 2015, 1:11:45 AM",Kudos,Activity,311765282
"May 26, 2015, 2:38:57 PM",Kudos,Activity,311181366
"May 27, 2015, 4:45:09 AM",Kudos,Activity,312362890
"May 28, 2015, 2:25:48 AM",Kudos,Activity,313254746
"May 29, 2015, 2:22:14 PM",Kudos,Activity,313904664
"May 30, 2015, 5:28:43 AM",Kudos,Activity,314481853
"May 31, 2015, 1:11:35 AM",Kudos,Activity,315149201
"May 31, 2015, 1:11:39 AM",Kudos,Activity,315123775
"May 31, 2015, 1:11:58 AM",Kudos,Activity,315046963
"Jun 1, 2015, 12:18:31 PM",Kudos,Activity,315882913
"Jun 2, 2015, 4:20:33 AM",Kudos,Activity,316444315
"Jun 2, 2015, 4:20:41 AM",Kudos,Activity,316346233
"Jun 2, 2015, 4:23:06 AM",Kudos,Activity,316482225
"Jun 2, 2015, 10:03:48 PM",Kudos,Activity,316920334
"Jun 3, 2015, 3:46:56 AM",Kudos,Activity,317127875
"Jun 4, 2015, 12:02:50 AM",Kudos,Activity,317734197
"Jun 4, 2015, 3:39:23 AM",Kudos,Activity,317847624
"Jun 4, 2015, 2:16:07 PM",Kudos,Activity,317888053
"Jun 4, 2015, 10:29:14 PM",Kudos,Activity,318447083
"Jun 5, 2015, 2:50:53 PM",Kudos,Activity,318508994
"Jun 5, 2015, 9:29:03 PM",Kudos,Activity,318848409
"Jun 7, 2015, 5:59:06 AM",Kudos,Activity,319958379
"Jun 7, 2015, 5:59:32 AM",Kudos,Activity,319854673
"Jun 7, 2015, 5:59:38 AM",Kudos,Activity,319118315
"Jun 7, 2015, 5:59:39 AM",Kudos,Activity,319116402
"Jun 8, 2015, 2:51:06 AM",Kudos,Activity,320787227
"Jun 8, 2015, 2:59:43 AM",Kudos,Activity,320819908
"Jun 9, 2015, 3:53:20 AM",Kudos,Activity,321424439
"Jun 9, 2015, 12:12:43 PM",Kudos,Activity,321506423
"Jun 9, 2015, 12:12:47 PM",Kudos,Activity,321506400
"Jun 9, 2015, 12:12:48 PM",Kudos,Activity,321482520
"Jun 10, 2015, 2:39:13 PM",Kudos,Activity,322127496
"Jun 10, 2015, 2:50:04 PM",Kudos,Activity,322201535
"Jun 10, 2015, 2:50:05 PM",Kudos,Activity,322203236
"Jun 10, 2015, 2:50:29 PM",Kudos,Feed Entry,20644253
"Jun 11, 2015, 5:46:07 AM",Kudos,Activity,322846031
"Jun 11, 2015, 5:46:12 AM",Kudos,Activity,322955408
"Jun 11, 2015, 5:46:14 AM",Kudos,Activity,322953170
"Jun 11, 2015, 5:46:32 AM",Kudos,Activity,322975206
"Jun 12, 2015, 2:48:36 PM",Kudos,Activity,323449493
"Jun 12, 2015, 2:49:04 PM",Kudos,Activity,323597373
"Jun 12, 2015, 2:49:07 PM",Kudos,Activity,323899638
"Jun 14, 2015, 2:57:36 AM",Kudos,Activity,324241901
"Jun 14, 2015, 2:57:39 AM",Kudos,Activity,324202966
"Jun 14, 2015, 2:58:16 AM",Kudos,Activity,324817815
"Jun 15, 2015, 3:22:57 AM",Kudos,Activity,325736804
"Jun 15, 2015, 3:24:21 AM",Kudos,Activity,325577048
"Jun 15, 2015, 3:24:22 AM",Kudos,Activity,325576253
"Jun 16, 2015, 3:03:36 AM",Kudos,Activity,326320305
"Jun 16, 2015, 3:03:36 AM",Kudos,Activity,326325799
"Jun 16, 2015, 3:03:42 AM",Kudos,Activity,326199497
"Jun 17, 2015, 2:19:43 PM",Kudos,Activity,326705212
"Jun 17, 2015, 7:50:12 PM",Kudos,Activity,326845701
"Jun 17, 2015, 9:50:47 PM",Kudos,Activity,327573266
"Jun 18, 2015, 3:24:47 AM",Kudos,Activity,327585935
"Jun 18, 2015, 3:24:48 AM",Kudos,Activity,327701810
"Jun 18, 2015, 3:25:19 AM",Kudos,Activity,327719019
"Jun 19, 2015, 4:24:04 AM",Kudos,Activity,328317967
"Jun 19, 2015, 4:25:47 AM",Kudos,Activity,328400281
"Jun 19, 2015, 4:25:54 AM",Kudos,Activity,328274961
"Jun 19, 2015, 4:25:54 AM",Kudos,Activity,328274947
"Jun 19, 2015, 9:52:45 PM",Kudos,Activity,328813013
"Jun 19, 2015, 9:52:46 PM",Kudos,Activity,328815196
"Jun 19, 2015, 9:52:47 PM",Kudos,Feed Entry,21119657
"Jun 19, 2015, 9:52:48 PM",Kudos,Activity,328845004
"Jun 20, 2015, 5:02:09 AM",Kudos,Activity,328958430
"Jun 20, 2015, 9:00:29 PM",Kudos,Activity,329399255
"Jun 20, 2015, 10:46:50 PM",Kudos,Activity,329548012
"Jun 20, 2015, 10:46:52 PM",Kudos,Activity,329552673
"Jun 20, 2015, 10:46:54 PM",Kudos,Activity,329568419
"Jun 23, 2015, 1:44:11 AM",Kudos,Activity,330729272
"Jun 23, 2015, 1:44:16 AM",Kudos,Activity,330977151
"Jun 23, 2015, 3:38:11 AM",Kudos,Activity,331020303
"Jun 24, 2015, 4:59:39 AM",Kudos,Activity,331731759
"Jun 24, 2015, 4:59:41 AM",Kudos,Activity,331732011
"Jun 24, 2015, 4:59:57 AM",Kudos,Activity,331698861
"Jun 24, 2015, 4:59:59 AM",Kudos,Activity,331546145
"Jun 24, 2015, 5:00:09 AM",Kudos,Activity,331534646
"Jun 24, 2015, 5:00:11 AM",Kudos,Activity,331372389
"Jun 25, 2015, 12:11:45 PM",Kudos,Activity,332458164
"Jun 25, 2015, 12:11:52 PM",Kudos,Activity,332449169
"Jun 25, 2015, 12:11:57 PM",Kudos,Activity,332468411
"Jun 25, 2015, 9:59:46 PM",Kudos,Activity,333003578
"Jun 26, 2015, 3:39:33 AM",Kudos,Activity,333105145
"Jun 26, 2015, 5:47:08 PM",Kudos,Feed Entry,21400700
"Jun 27, 2015, 1:26:54 PM",Kudos,Activity,333744675
"Jun 27, 2015, 1:30:02 PM",Kudos,Activity,333744672
"Jun 28, 2015, 9:45:56 PM",Kudos,Activity,335020040
"Jun 29, 2015, 4:04:02 AM",Kudos,Activity,335213692
"Jun 29, 2015, 10:15:40 PM",Kudos,Activity,335709662
"Jun 30, 2015, 2:33:18 PM",Kudos,Activity,335866404
"Jun 30, 2015, 2:33:42 PM",Kudos,Activity,335870626
"Jun 30, 2015, 2:43:40 PM",Kudos,Activity,335889387
"Jul 1, 2015, 1:02:49 AM",Kudos,Activity,336542210
"Jul 1, 2015, 1:03:09 AM",Kudos,Activity,336570855
"Jul 3, 2015, 3:24:20 AM",Kudos,Activity,337865496
"Jul 4, 2015, 3:35:40 PM",Kudos,Activity,338451270
"Jul 4, 2015, 3:36:56 PM",Kudos,Activity,338571322
"Jul 5, 2015, 5:10:40 PM",Kudos,Activity,339600491
"Jul 5, 2015, 5:11:06 PM",Kudos,Activity,339600489
"Jul 5, 2015, 5:16:27 PM",Kudos,Activity,339291130
"Jul 5, 2015, 5:16:27 PM",Kudos,Activity,339290802
"Jul 6, 2015, 1:32:12 AM",Kudos,Activity,340021785
"Jul 6, 2015, 1:32:13 AM",Kudos,Activity,340021064
"Jul 6, 2015, 1:32:17 AM",Kudos,Activity,339822809
"Jul 7, 2015, 3:43:01 AM",Kudos,Activity,340553752
"Jul 8, 2015, 5:01:32 AM",Kudos,Activity,341394746
"Jul 8, 2015, 5:01:43 AM",Kudos,Activity,341360087
"Jul 9, 2015, 4:05:57 AM",Kudos,Activity,342094265
"Jul 9, 2015, 4:06:12 AM",Kudos,Activity,342082449
"Jul 9, 2015, 4:06:25 AM",Kudos,Activity,341984865
"Jul 10, 2015, 2:23:14 PM",Kudos,Activity,342795674
"Jul 10, 2015, 2:23:15 PM",Kudos,Activity,342795194
"Jul 10, 2015, 2:23:29 PM",Kudos,Activity,342102756
"Jul 11, 2015, 1:35:54 PM",Kudos,Activity,343437146
"Jul 11, 2015, 1:35:56 PM",Kudos,Activity,343448039
"Jul 13, 2015, 12:06:08 AM",Kudos,Activity,344868773
"Jul 14, 2015, 9:32:31 PM",Kudos,Activity,343964045
"Jul 16, 2015, 4:58:44 AM",Kudos,Activity,347021297
"Jul 16, 2015, 4:58:45 AM",Kudos,Activity,347029558
"Jul 16, 2015, 4:58:45 AM",Kudos,Activity,347028599
"Jul 16, 2015, 4:58:54 AM",Kudos,Activity,347007540
"Jul 16, 2015, 4:58:57 AM",Kudos,Activity,346652940
"Jul 18, 2015, 3:11:11 PM",Kudos,Activity,348383172
"Jul 18, 2015, 3:11:43 PM",Kudos,Activity,348155440
"Jul 18, 2015, 3:11:50 PM",Kudos,Activity,348414258
"Jul 18, 2015, 3:11:51 PM",Kudos,Activity,348414803
"Jul 18, 2015, 3:11:52 PM",Kudos,Activity,348414097
"Jul 20, 2015, 2:25:17 PM",Kudos,Activity,349793912
"Jul 20, 2015, 2:25:18 PM",Kudos,Activity,349794411
"Jul 21, 2015, 4:46:00 PM",Kudos,Activity,350269391
"Jul 22, 2015, 4:43:28 AM",Kudos,Activity,351317601
"Jul 22, 2015, 4:43:29 AM",Kudos,Activity,351319201
"Jul 22, 2015, 4:43:33 AM",Kudos,Activity,351299092
"Jul 23, 2015, 2:26:06 PM",Kudos,Activity,352070800
"Jul 23, 2015, 2:26:07 PM",Kudos,Activity,352004293
"Jul 24, 2015, 12:16:47 PM",Kudos,Activity,352814264
"Jul 24, 2015, 12:16:48 PM",Kudos,Activity,352832027
"Jul 24, 2015, 12:16:57 PM",Kudos,Activity,352692904
"Jul 25, 2015, 3:11:34 PM",Kudos,Activity,353343836
"Jul 25, 2015, 3:11:35 PM",Kudos,Activity,353351575
"Jul 25, 2015, 3:12:43 PM",Kudos,Activity,353375515
"Jul 27, 2015, 3:59:29 PM",Kudos,Activity,354777492
"Jul 28, 2015, 5:03:20 PM",Kudos,Activity,355606143
"Jul 28, 2015, 5:03:21 PM",Kudos,Activity,355606344
"Jul 28, 2015, 5:03:53 PM",Kudos,Activity,355516918
"Jul 28, 2015, 5:04:22 PM",Kudos,Activity,354751911
"Jul 28, 2015, 5:04:23 PM",Kudos,Activity,354752524
"Jul 28, 2015, 5:05:24 PM",Kudos,Activity,354124148
"Jul 28, 2015, 5:05:25 PM",Kudos,Activity,354122569
"Jul 29, 2015, 12:34:08 PM",Kudos,Activity,356377746
"Jul 29, 2015, 12:34:09 PM",Kudos,Activity,356360410
"Jul 30, 2015, 3:10:04 PM",Kudos,Activity,357045911
"Jul 30, 2015, 3:10:05 PM",Kudos,Activity,357056744
"Jul 30, 2015, 3:10:16 PM",Kudos,Activity,356884430
"Jul 31, 2015, 2:30:36 PM",Kudos,Feed Entry,23999220
"Aug 1, 2015, 8:42:14 PM",Kudos,Activity,358292104
"Aug 3, 2015, 2:32:47 PM",Kudos,Activity,359980408
"Aug 3, 2015, 2:32:47 PM",Kudos,Activity,359920036
"Aug 4, 2015, 2:34:47 AM",Kudos,Activity,360695580
"Aug 4, 2015, 2:34:48 AM",Kudos,Activity,360720876
"Aug 4, 2015, 3:09:13 PM",Kudos,Activity,360738649
"Aug 4, 2015, 3:09:26 PM",Kudos,Activity,359924515
"Aug 7, 2015, 2:26:14 PM",Kudos,Activity,363047160
"Aug 7, 2015, 2:27:23 PM",Kudos,Activity,363025370
"Aug 9, 2015, 1:43:48 PM",Kudos,Activity,364608049
"Aug 9, 2015, 1:43:52 PM",Kudos,Activity,364605166
"Aug 9, 2015, 1:44:00 PM",Kudos,Activity,364481845
"Aug 9, 2015, 1:44:15 PM",Kudos,Activity,363791536
"Aug 9, 2015, 1:44:18 PM",Kudos,Activity,363814188
"Aug 9, 2015, 1:44:19 PM",Kudos,Activity,363790879
"Aug 9, 2015, 1:44:25 PM",Kudos,Activity,363691939
"Aug 9, 2015, 1:44:30 PM",Kudos,Activity,363546196
"Aug 10, 2015, 3:31:38 PM",Kudos,Activity,365528488
"Aug 10, 2015, 3:31:39 PM",Kudos,Activity,365511596
"Aug 10, 2015, 3:31:40 PM",Kudos,Activity,365511273
"Aug 10, 2015, 3:32:17 PM",Kudos,Activity,365485543
"Aug 12, 2015, 2:32:16 PM",Kudos,Activity,366983526
"Aug 12, 2015, 2:32:18 PM",Kudos,Activity,366979453
"Aug 12, 2015, 2:32:24 PM",Kudos,Activity,366967902
"Aug 12, 2015, 2:32:35 PM",Kudos,Activity,366891295
"Aug 12, 2015, 2:32:36 PM",Kudos,Activity,366913495
"Aug 14, 2015, 2:35:22 PM",Kudos,Activity,368545276
"Aug 14, 2015, 2:35:23 PM",Kudos,Activity,368547334
"Aug 17, 2015, 7:56:06 PM",Kudos,Activity,369860388
"Aug 17, 2015, 7:56:11 PM",Kudos,Activity,369772130
"Aug 17, 2015, 7:56:17 PM",Kudos,Activity,369175017
"Aug 17, 2015, 7:56:18 PM",Kudos,Activity,369175373
"Aug 17, 2015, 7:56:23 PM",Kudos,Activity,369130744
"Aug 17, 2015, 7:56:24 PM",Kudos,Activity,369108058
"Aug 26, 2015, 3:15:12 PM",Kudos,Activity,376809844
"Aug 26, 2015, 3:15:13 PM",Kudos,Activity,376814211
"Aug 26, 2015, 3:15:29 PM",Kudos,Activity,376149549
"Sep 6, 2015, 3:45:39 PM",Kudos,Activity,385696070
"Sep 6, 2015, 3:45:39 PM",Kudos,Activity,385695232
"Sep 6, 2015, 3:45:45 PM",Kudos,Activity,385784314
"Sep 6, 2015, 3:46:10 PM",Kudos,Activity,385784060
"Sep 6, 2015, 3:46:21 PM",Kudos,Activity,385674956
"Sep 6, 2015, 3:46:23 PM",Kudos,Activity,385641922
"Sep 6, 2015, 3:46:36 PM",Kudos,Activity,385643402
"Sep 6, 2015, 3:46:42 PM",Kudos,Activity,385606547
"Sep 8, 2015, 2:52:20 PM",Kudos,Activity,387358812
"Sep 8, 2015, 2:52:43 PM",Kudos,Activity,387243576
"Sep 8, 2015, 2:53:19 PM",Kudos,Activity,386602807
"Sep 8, 2015, 2:53:20 PM",Kudos,Activity,386600264
"Sep 14, 2015, 3:53:43 PM",Kudos,Activity,390871680
"Sep 14, 2015, 3:55:48 PM",Kudos,Activity,390754974
"Oct 6, 2015, 2:30:16 PM",Kudos,Activity,407238765
"Oct 6, 2015, 2:30:17 PM",Kudos,Activity,407238041
"Oct 6, 2015, 2:31:03 PM",Kudos,Activity,405665488
"Oct 6, 2015, 2:31:04 PM",Kudos,Activity,405694552
"Oct 6, 2015, 2:31:06 PM",Kudos,Activity,405773067
"Oct 9, 2015, 3:43:30 AM",Kudos,Activity,409203008
"Oct 9, 2015, 2:15:31 PM",Kudos,Activity,409419390
"Oct 12, 2015, 1:07:42 AM",Kudos,Activity,411153130
"Oct 12, 2015, 1:07:49 AM",Kudos,Activity,410442202
"Oct 12, 2015, 9:18:44 PM",Kudos,Activity,411806361
"Oct 15, 2015, 5:37:35 AM",Kudos,Activity,413257285
"Oct 15, 2015, 5:37:39 AM",Kudos,Activity,413291871
"Oct 15, 2015, 5:37:41 AM",Kudos,Activity,413310795
"Oct 15, 2015, 5:38:10 AM",Kudos,Activity,412601093
"Oct 17, 2015, 4:21:43 PM",Kudos,Activity,414440938
"Oct 17, 2015, 4:21:44 PM",Kudos,Activity,414396607
"Oct 17, 2015, 4:22:01 PM",Kudos,Activity,414223863
"Oct 22, 2015, 1:23:58 PM",Kudos,Activity,417810148
"Oct 22, 2015, 1:24:03 PM",Kudos,Activity,417800320
"Oct 23, 2015, 5:57:55 PM",Kudos,Activity,418196242
"Oct 23, 2015, 5:57:59 PM",Kudos,Activity,418394671
"Oct 23, 2015, 6:52:09 PM",Kudos,Activity,418579026
"Oct 24, 2015, 9:41:24 PM",Kudos,Activity,419469291
"Oct 24, 2015, 9:41:48 PM",Kudos,Activity,418915443
"Oct 24, 2015, 9:41:52 PM",Kudos,Activity,418990700
"Oct 24, 2015, 9:41:54 PM",Kudos,Activity,418936649
"Oct 25, 2015, 4:41:11 PM",Kudos,Activity,419597585
"Oct 27, 2015, 3:08:26 AM",Kudos,Activity,421063429
"Oct 27, 2015, 3:08:33 AM",Kudos,Activity,421068645
"Oct 27, 2015, 3:09:05 AM",Kudos,Activity,420996828
"Oct 27, 2015, 3:09:26 AM",Kudos,Activity,420996262
"Oct 27, 2015, 3:11:55 AM",Kudos,Activity,420995944
"Oct 27, 2015, 3:12:10 AM",Kudos,Activity,420902077
"Oct 30, 2015, 12:28:12 AM",Kudos,Activity,422242535
"Oct 31, 2015, 10:14:49 PM",Kudos,Activity,423895931
"Oct 31, 2015, 10:14:53 PM",Kudos,Activity,423840374
"Oct 31, 2015, 10:15:02 PM",Kudos,Activity,423841449
"Oct 31, 2015, 10:15:17 PM",Kudos,Activity,423350223
"Oct 31, 2015, 10:15:22 PM",Kudos,Activity,423338313
"Oct 31, 2015, 10:15:25 PM",Kudos,Activity,423314880
"Oct 31, 2015, 10:15:35 PM",Kudos,Activity,423841852
"Oct 31, 2015, 10:15:57 PM",Kudos,Activity,422826256
"Nov 4, 2015, 2:06:13 AM",Kudos,Activity,425739300
"Nov 4, 2015, 2:06:15 AM",Kudos,Activity,425739907
"Nov 4, 2015, 2:06:22 AM",Kudos,Activity,424832019
"Nov 5, 2015, 3:01:13 PM",Kudos,Activity,426712607
"Nov 5, 2015, 3:01:21 PM",Kudos,Activity,426705293
"Nov 8, 2015, 4:46:51 PM",Kudos,Activity,428458858
"Nov 8, 2015, 4:47:57 PM",Kudos,Activity,428400918
"Nov 8, 2015, 4:48:22 PM",Kudos,Activity,427500375
"Nov 11, 2015, 3:56:28 PM",Kudos,Activity,430281891
"Nov 11, 2015, 3:56:29 PM",Kudos,Activity,430464547
"Nov 12, 2015, 3:44:48 AM",Kudos,Activity,431141780
"Nov 12, 2015, 4:34:02 AM",Kudos,Activity,431030390
"Nov 12, 2015, 4:34:06 AM",Kudos,Activity,431160947
"Nov 12, 2015, 10:05:19 PM",Kudos,Activity,431531705
"Nov 14, 2015, 9:02:09 PM",Kudos,Activity,432667464
"Nov 14, 2015, 9:02:38 PM",Kudos,Activity,432206954
"Nov 15, 2015, 3:24:37 AM",Kudos,Activity,432809503
"Nov 17, 2015, 7:27:19 PM",Kudos,Activity,433998568
"Nov 17, 2015, 7:27:22 PM",Kudos,Activity,434175843
"Nov 17, 2015, 7:27:57 PM",Kudos,Activity,433573113
"Nov 17, 2015, 7:27:58 PM",Kudos,Activity,433600768
"Nov 17, 2015, 7:27:59 PM",Kudos,Activity,433573393
"Nov 18, 2015, 3:58:09 PM",Kudos,Activity,434701848
"Nov 19, 2015, 6:24:57 AM",Kudos,Activity,435321200
"Nov 19, 2015, 6:25:02 AM",Kudos,Activity,435315069
"Nov 19, 2015, 6:25:13 AM",Kudos,Activity,435309016
"Nov 19, 2015, 6:25:18 AM",Kudos,Activity,435282625
"Nov 19, 2015, 6:25:34 AM",Kudos,Activity,435276790
"Nov 19, 2015, 7:25:34 PM",Kudos,Activity,435306078
"Nov 20, 2015, 3:44:04 PM",Kudos,Feed Entry,30495721
"Nov 20, 2015, 3:44:09 PM",Kudos,Activity,435735656
"Nov 20, 2015, 3:44:15 PM",Kudos,Activity,435805489
"Nov 20, 2015, 3:44:16 PM",Kudos,Activity,435837749
"Nov 22, 2015, 7:29:13 PM",Kudos,Activity,436851175
"Nov 22, 2015, 7:29:14 PM",Kudos,Activity,436985017
"Nov 22, 2015, 7:29:23 PM",Kudos,Activity,436816480
"Nov 22, 2015, 7:29:27 PM",Kudos,Activity,436801528
"Nov 22, 2015, 7:29:44 PM",Kudos,Activity,436405366
"Nov 22, 2015, 7:29:44 PM",Kudos,Activity,436405790
"Nov 23, 2015, 6:54:43 PM",Kudos,Activity,437706965
"Nov 23, 2015, 6:54:45 PM",Kudos,Activity,437705318
"Nov 23, 2015, 9:42:25 PM",Kudos,Activity,438131925
"Nov 25, 2015, 12:27:08 AM",Kudos,Activity,438832505
"Nov 25, 2015, 5:10:43 AM",Kudos,Activity,438868400
"Nov 26, 2015, 7:39:37 AM",Kudos,Activity,439426200
"Nov 26, 2015, 7:39:38 AM",Kudos,Activity,439425361
"Nov 26, 2015, 7:39:42 AM",Kudos,Activity,439345215
"Nov 26, 2015, 7:39:51 AM",Kudos,Activity,439368975
"Nov 26, 2015, 7:40:06 AM",Kudos,Activity,439470066
"Nov 26, 2015, 11:58:24 PM",Kudos,Activity,439918301
"Nov 26, 2015, 11:58:25 PM",Kudos,Activity,439921324
"Nov 28, 2015, 8:20:58 PM",Kudos,Activity,440469817
"Nov 28, 2015, 8:21:00 PM",Kudos,Activity,440468903
"Nov 30, 2015, 7:05:02 AM",Kudos,Activity,441045738
"Nov 30, 2015, 7:05:05 AM",Kudos,Activity,441088373
"Nov 30, 2015, 7:05:06 AM",Kudos,Activity,441090696
"Nov 30, 2015, 7:05:06 AM",Kudos,Activity,441102379
"Nov 30, 2015, 7:05:55 AM",Kudos,Activity,441750943
"Dec 1, 2015, 7:03:40 PM",Kudos,Activity,442299507
"Dec 1, 2015, 7:03:41 PM",Kudos,Activity,442298042
"Dec 4, 2015, 3:00:59 PM",Kudos,Activity,443954851
"Dec 4, 2015, 3:01:39 PM",Kudos,Activity,443444743
"Dec 4, 2015, 3:01:40 PM",Kudos,Activity,443445451
"Dec 4, 2015, 3:04:00 PM",Kudos,Activity,443422233
"Dec 4, 2015, 3:04:07 PM",Kudos,Activity,443419699
"Dec 4, 2015, 3:04:10 PM",Kudos,Activity,443405224
"Dec 4, 2015, 3:04:17 PM",Kudos,Activity,443399033
"Dec 5, 2015, 7:50:00 AM",Kudos,Activity,444445542
"Dec 5, 2015, 7:50:05 AM",Kudos,Activity,444311350
"Dec 7, 2015, 7:26:59 PM",Kudos,Activity,445498515
"Dec 7, 2015, 7:27:17 PM",Kudos,Activity,444994085
"Dec 7, 2015, 7:27:18 PM",Kudos,Activity,445002806
"Dec 7, 2015, 7:27:19 PM",Kudos,Activity,444994816
"Dec 9, 2015, 2:25:21 AM",Kudos,Activity,446363531
"Dec 9, 2015, 3:47:53 AM",Kudos,Activity,446978260
"Dec 10, 2015, 4:31:20 AM",Kudos,Activity,447517581
"Dec 10, 2015, 11:50:14 PM",Kudos,Activity,447923569
"Dec 11, 2015, 6:27:06 AM",Kudos,Activity,448050830
"Dec 13, 2015, 2:48:00 PM",Kudos,Activity,449072047
"Dec 13, 2015, 2:48:01 PM",Kudos,Activity,449140284
"Dec 13, 2015, 2:48:02 PM",Kudos,Activity,449140277
"Dec 13, 2015, 2:48:04 PM",Kudos,Activity,449118065
"Dec 14, 2015, 7:24:58 AM",Kudos,Activity,449125810
"Dec 14, 2015, 7:25:00 AM",Kudos,Activity,449148467
"Dec 14, 2015, 7:25:07 AM",Kudos,Activity,449685452
"Dec 15, 2015, 3:11:35 PM",Kudos,Activity,450205107
"Dec 16, 2015, 8:34:18 PM",Kudos,Activity,450941009
"Dec 17, 2015, 1:22:17 AM",Kudos,Activity,451431962
"Dec 17, 2015, 4:01:29 PM",Kudos,Activity,451494878
"Dec 18, 2015, 12:07:33 AM",Kudos,Activity,451494111
"Dec 20, 2015, 2:13:42 AM",Kudos,Activity,452907918
"Dec 20, 2015, 2:14:13 AM",Kudos,Activity,452403983
"Dec 20, 2015, 2:16:30 AM",Kudos,Activity,452925225
"Dec 22, 2015, 2:49:13 PM",Kudos,Activity,454240383
"Dec 31, 2015, 7:22:30 AM",Kudos,Activity,459010189
"Dec 31, 2015, 7:22:56 AM",Kudos,Activity,459698393
"Dec 31, 2015, 7:22:57 AM",Kudos,Activity,459595074
"Dec 31, 2015, 7:23:01 AM",Kudos,Activity,459106214
"Dec 31, 2015, 7:23:01 AM",Kudos,Activity,459057245
"Dec 31, 2015, 7:23:08 AM",Kudos,Activity,459011536
"Dec 31, 2015, 7:23:12 AM",Kudos,Activity,457689006
"Dec 31, 2015, 7:23:19 AM",Kudos,Activity,456935431
"Dec 31, 2015, 7:23:20 AM",Kudos,Activity,456936769
"Dec 31, 2015, 7:23:20 AM",Kudos,Activity,456966325
"Jan 1, 2016, 4:42:57 AM",Kudos,Activity,460351227
"Jan 1, 2016, 4:42:59 AM",Kudos,Activity,460352669
"Jan 2, 2016, 3:33:58 PM",Kudos,Activity,460758617
"Jan 2, 2016, 3:34:07 PM",Kudos,Activity,460917262
"Jan 2, 2016, 3:34:41 PM",Kudos,Activity,460989945
"Jan 4, 2016, 3:36:49 AM",Kudos,Activity,461698982
"Jan 5, 2016, 1:51:42 PM",Kudos,Activity,462606992
"Jan 8, 2016, 2:08:45 PM",Kudos,Activity,465458577
"Jan 8, 2016, 2:09:25 PM",Kudos,Activity,465456700
"Jan 9, 2016, 3:58:53 PM",Kudos,Activity,466038496
"Jan 9, 2016, 3:58:55 PM",Kudos,Activity,466039475
"Jan 11, 2016, 1:39:20 AM",Kudos,Activity,467729458
"Jan 11, 2016, 1:39:32 AM",Kudos,Activity,467714247
"Jan 11, 2016, 1:39:34 AM",Kudos,Activity,467643151
"Jan 13, 2016, 4:27:54 PM",Kudos,Activity,469152187
"Jan 13, 2016, 4:27:59 PM",Kudos,Activity,468472794
"Jan 13, 2016, 4:28:29 PM",Kudos,Activity,468286259
"Jan 13, 2016, 4:30:02 PM",Kudos,Activity,469212184
"Jan 20, 2016, 3:18:00 PM",Kudos,Activity,474180336
"Jan 20, 2016, 3:18:02 PM",Kudos,Activity,474166997
"Jan 20, 2016, 3:18:05 PM",Kudos,Activity,473460114
"Jan 20, 2016, 3:18:09 PM",Kudos,Activity,473409043
"Jan 20, 2016, 3:18:15 PM",Kudos,Activity,473351884
"Jan 20, 2016, 3:18:16 PM",Kudos,Activity,473351213
"Jan 21, 2016, 7:42:25 PM",Kudos,Activity,475015191
"Jan 21, 2016, 7:42:34 PM",Kudos,Activity,474882501
"Jan 24, 2016, 3:26:23 PM",Kudos,Activity,476954765
"Jan 24, 2016, 3:26:45 PM",Kudos,Activity,476954728
"Jan 24, 2016, 3:26:48 PM",Kudos,Activity,476954666
"Jan 24, 2016, 3:26:49 PM",Kudos,Activity,476954660
"Jan 24, 2016, 3:26:52 PM",Kudos,Activity,476819020
"Jan 24, 2016, 3:26:55 PM",Kudos,Activity,476159682
"Jan 24, 2016, 3:26:59 PM",Kudos,Activity,476148118
"Jan 24, 2016, 3:27:05 PM",Kudos,Activity,476043352
"Jan 24, 2016, 3:27:09 PM",Kudos,Activity,475573960
"Jan 24, 2016, 3:27:17 PM",Kudos,Activity,475444968
"Jan 25, 2016, 3:04:24 AM",Kudos,Activity,477849615
"Jan 25, 2016, 3:04:25 AM",Kudos,Activity,477892845
"Jan 25, 2016, 3:05:01 AM",Kudos,Activity,477811710
"Jan 25, 2016, 3:05:44 AM",Kudos,Activity,477753596
"Jan 25, 2016, 3:05:44 AM",Kudos,Activity,477753613
"Jan 29, 2016, 4:35:56 PM",Kudos,Activity,480086893
"Jan 29, 2016, 4:36:06 PM",Kudos,Activity,480076435
"Jan 29, 2016, 4:36:29 PM",Kudos,Activity,480005864
"Jan 29, 2016, 4:37:57 PM",Kudos,Activity,480812915
"Jan 30, 2016, 4:34:53 AM",Kudos,Activity,481412101
"Feb 1, 2016, 4:03:03 PM",Kudos,Activity,483214347
"Feb 1, 2016, 4:03:05 PM",Kudos,Activity,483233996
"Feb 1, 2016, 4:03:17 PM",Kudos,Activity,482251812
"Feb 2, 2016, 12:31:11 AM",Kudos,Activity,483795875
"Feb 2, 2016, 12:31:17 AM",Kudos,Activity,483704392
"Feb 2, 2016, 3:14:17 PM",Kudos,Activity,483934579
"Feb 4, 2016, 9:41:11 PM",Kudos,Activity,485419821
"Feb 4, 2016, 9:42:25 PM",Kudos,Activity,485345586
"Feb 5, 2016, 9:13:13 PM",Kudos,Activity,486036266
"Feb 8, 2016, 3:46:31 AM",Kudos,Activity,488509470
"Feb 8, 2016, 3:47:46 AM",Kudos,Activity,488349860
"Feb 8, 2016, 3:48:12 AM",Kudos,Activity,488349845
"Feb 8, 2016, 3:48:20 AM",Kudos,Activity,488349807
"Feb 8, 2016, 3:48:35 AM",Kudos,Activity,487606870
"Feb 8, 2016, 3:48:37 AM",Kudos,Activity,487606814
"Feb 8, 2016, 3:49:43 AM",Kudos,Activity,487606802
"Feb 8, 2016, 3:49:49 AM",Kudos,Activity,487487287
"Feb 8, 2016, 3:50:37 AM",Kudos,Activity,486782565
"Feb 11, 2016, 3:43:43 AM",Kudos,Activity,490439363
"Feb 11, 2016, 3:43:44 AM",Kudos,Activity,490728403
"Feb 12, 2016, 6:33:25 PM",Kudos,Activity,491395746
"Feb 17, 2016, 7:05:23 AM",Kudos,Activity,495220017
"Feb 17, 2016, 2:27:30 PM",Kudos,Activity,495300752
"Feb 17, 2016, 2:27:38 PM",Kudos,Activity,495047958
"Feb 17, 2016, 2:28:12 PM",Kudos,Activity,494531112
"Feb 17, 2016, 2:28:31 PM",Kudos,Activity,494569272
"Feb 17, 2016, 2:28:45 PM",Kudos,Activity,493767190
"Feb 17, 2016, 2:29:11 PM",Kudos,Activity,493759038
"Feb 17, 2016, 2:29:32 PM",Kudos,Activity,493006282
"Feb 18, 2016, 4:04:29 AM",Kudos,Activity,495998736
"Feb 20, 2016, 3:48:23 AM",Kudos,Activity,497342954
"Feb 21, 2016, 12:01:18 AM",Kudos,Activity,498230759
"Feb 21, 2016, 12:01:21 AM",Kudos,Activity,498258400
"Feb 24, 2016, 3:36:51 PM",Kudos,Activity,500094275
"Feb 24, 2016, 3:37:13 PM",Kudos,Activity,500091399
"Feb 24, 2016, 3:37:21 PM",Kudos,Activity,499804816
"Feb 24, 2016, 3:39:12 PM",Kudos,Activity,499873701
"Feb 28, 2016, 8:45:09 PM",Kudos,Activity,503962863
"Feb 28, 2016, 8:45:10 PM",Kudos,Activity,503962413
"Feb 28, 2016, 8:46:47 PM",Kudos,Activity,503109273
"Feb 28, 2016, 8:47:34 PM",Kudos,Activity,503090634
"Feb 29, 2016, 3:59:12 AM",Kudos,Activity,505040646
"Feb 29, 2016, 3:59:13 AM",Kudos,Activity,505046093
"Feb 29, 2016, 6:04:57 AM",Kudos,Activity,503814622
"Mar 2, 2016, 4:15:42 PM",Kudos,Activity,505827104
"Mar 2, 2016, 4:15:43 PM",Kudos,Activity,506183759
"Mar 2, 2016, 4:15:46 PM",Kudos,Activity,506454505
"Mar 3, 2016, 6:54:20 AM",Kudos,Activity,507361827
"Mar 3, 2016, 3:30:40 PM",Kudos,Activity,507293441
"Mar 4, 2016, 3:41:30 PM",Kudos,Activity,508109869
"Mar 4, 2016, 3:41:32 PM",Kudos,Activity,507900285
"Mar 6, 2016, 12:27:23 AM",Kudos,Activity,508716606
"Mar 7, 2016, 2:19:23 AM",Kudos,Activity,510440401
"Mar 9, 2016, 8:36:16 PM",Kudos,Activity,512158936
"Mar 9, 2016, 8:37:01 PM",Kudos,Activity,510636395
"Mar 9, 2016, 8:38:07 PM",Kudos,Activity,512714330
"Mar 14, 2016, 3:52:18 PM",Kudos,Activity,516380669
"Mar 14, 2016, 3:52:24 PM",Kudos,Activity,516305751
"Mar 14, 2016, 3:52:57 PM",Kudos,Activity,515426641
"Mar 14, 2016, 4:08:02 PM",Kudos,Activity,515408396
"Mar 14, 2016, 4:23:51 PM",Kudos,Activity,514358168
"Mar 14, 2016, 4:23:52 PM",Kudos,Activity,515231635
"Mar 15, 2016, 1:05:19 PM",Kudos,Activity,517377339
"Mar 17, 2016, 3:26:19 PM",Kudos,Activity,519053402
"Mar 17, 2016, 3:26:53 PM",Kudos,Activity,518944066
"Mar 17, 2016, 3:26:56 PM",Kudos,Activity,519019049
"Mar 17, 2016, 3:27:38 PM",Kudos,Activity,518904218
"Mar 17, 2016, 3:28:20 PM",Kudos,Activity,518642589
"Mar 17, 2016, 3:28:34 PM",Kudos,Activity,519324010
"Mar 20, 2016, 3:03:47 PM",Kudos,Activity,521446903
"Mar 20, 2016, 3:03:53 PM",Kudos,Activity,521353766
"Mar 24, 2016, 1:09:22 PM",Kudos,Activity,525141678
"Mar 24, 2016, 1:10:06 PM",Kudos,Activity,525100241
"Mar 27, 2016, 4:53:43 AM",Kudos,Activity,527491719
"Mar 27, 2016, 4:21:19 PM",Kudos,Activity,525117917
"Mar 28, 2016, 2:31:34 AM",Kudos,Activity,528540410
"Mar 28, 2016, 2:31:41 AM",Kudos,Activity,528500707
"Mar 28, 2016, 2:31:52 AM",Kudos,Activity,528472130
"Mar 31, 2016, 3:43:35 PM",Kudos,Activity,531150291
"Mar 31, 2016, 3:43:36 PM",Kudos,Activity,531082359
"Apr 1, 2016, 1:36:41 PM",Kudos,Activity,532104858
"Apr 1, 2016, 1:38:12 PM",Kudos,Activity,531343079
"Apr 1, 2016, 1:38:24 PM",Kudos,Activity,531335554
"Apr 1, 2016, 1:38:43 PM",Kudos,Activity,531301299
"Apr 2, 2016, 2:42:21 PM",Kudos,Activity,532694546
"Apr 3, 2016, 3:42:07 PM",Kudos,Activity,533990189
"Apr 4, 2016, 5:21:35 AM",Kudos,Activity,535153379
"Apr 4, 2016, 5:21:35 AM",Kudos,Activity,535154130
"Apr 4, 2016, 5:21:37 AM",Kudos,Activity,535153027
"Apr 5, 2016, 9:43:25 PM",Kudos,Activity,536854246
"Apr 5, 2016, 9:43:37 PM",Kudos,Activity,535909420
"Apr 5, 2016, 9:44:41 PM",Kudos,Activity,536087172
"Apr 8, 2016, 3:34:01 AM",Kudos,Activity,538903922
"Apr 8, 2016, 3:34:06 AM",Kudos,Activity,538843520
"Apr 8, 2016, 3:35:53 AM",Kudos,Activity,537947178
"Apr 8, 2016, 3:35:58 AM",Kudos,Activity,537922560
"Apr 8, 2016, 3:36:03 AM",Kudos,Activity,537089011
"Apr 8, 2016, 3:36:06 AM",Kudos,Activity,537030416
"Apr 11, 2016, 12:45:02 PM",Kudos,Activity,541866027
"Apr 12, 2016, 5:37:52 PM",Kudos,Activity,542780385
"Apr 12, 2016, 11:23:24 PM",Kudos,Activity,542487009
"Apr 12, 2016, 11:26:27 PM",Kudos,Activity,542782530
"Apr 14, 2016, 2:55:02 AM",Kudos,Activity,544727245
"Apr 14, 2016, 5:05:04 AM",Kudos,Activity,544780426
"Apr 14, 2016, 5:06:01 AM",Kudos,Activity,544612356
"Apr 14, 2016, 5:06:11 AM",Kudos,Activity,543752185
"Apr 14, 2016, 5:06:17 AM",Kudos,Activity,543740933
"Apr 14, 2016, 5:06:38 AM",Kudos,Activity,543715284
"Apr 15, 2016, 5:30:05 AM",Kudos,Activity,545385422
"Apr 15, 2016, 5:30:07 AM",Kudos,Activity,545705814
"Apr 16, 2016, 6:50:20 AM",Kudos,Activity,546544374
"Apr 17, 2016, 2:10:26 AM",Kudos,Activity,547386369
"Apr 17, 2016, 2:10:42 AM",Kudos,Activity,547345045
"Apr 17, 2016, 2:12:35 AM",Kudos,Activity,547134973
"Apr 17, 2016, 6:35:36 AM",Kudos,Activity,547660926
"Apr 18, 2016, 10:24:26 PM",Kudos,Activity,549353555
"Apr 19, 2016, 6:35:33 PM",Kudos,Activity,550410226
"Apr 19, 2016, 6:35:56 PM",Kudos,Activity,550412768
"Apr 19, 2016, 6:36:01 PM",Kudos,Activity,550295893
"Apr 20, 2016, 6:58:10 PM",Kudos,Activity,550835537
"Apr 21, 2016, 4:58:40 AM",Kudos,Activity,551922831
"Apr 22, 2016, 1:00:01 PM",Kudos,Activity,553007016
"Apr 23, 2016, 1:58:14 PM",Kudos,Activity,553711013
"Apr 24, 2016, 4:17:18 AM",Kudos,Activity,554862769
"Apr 25, 2016, 9:20:30 PM",Kudos,Activity,555991060
"Apr 25, 2016, 9:20:54 PM",Kudos,Activity,555927635
"Apr 25, 2016, 9:21:15 PM",Kudos,Activity,555840412
"Apr 26, 2016, 7:49:50 PM",Kudos,Activity,557423065
"Apr 28, 2016, 4:34:02 AM",Kudos,Activity,557827855
"Apr 28, 2016, 4:34:26 AM",Kudos,Activity,558520113
"Apr 28, 2016, 4:34:30 AM",Kudos,Activity,558755952
"Apr 28, 2016, 10:16:24 PM",Kudos,Activity,559284708
"Apr 29, 2016, 4:56:44 AM",Kudos,Activity,559602240
"Apr 29, 2016, 5:00:15 AM",Kudos,Activity,559676114
"Apr 30, 2016, 11:27:30 AM",Kudos,Activity,560358152
"Apr 30, 2016, 11:27:41 AM",Kudos,Activity,560169372
"May 2, 2016, 12:29:01 AM",Kudos,Activity,561425589
"May 2, 2016, 12:29:45 AM",Kudos,Activity,561425406
"May 2, 2016, 12:30:25 AM",Kudos,Activity,561427263
"May 2, 2016, 12:30:54 AM",Kudos,Activity,561325931
"May 2, 2016, 12:31:03 AM",Kudos,Activity,561189353
"May 2, 2016, 12:31:14 AM",Kudos,Activity,562413724
"May 2, 2016, 12:31:17 AM",Kudos,Activity,562526675
"May 2, 2016, 12:43:44 PM",Kudos,Activity,562670597
"May 3, 2016, 3:10:58 AM",Kudos,Activity,563497173
"May 3, 2016, 3:10:59 AM",Kudos,Activity,563488200
"May 3, 2016, 3:12:50 AM",Kudos,Activity,563576912
"May 3, 2016, 3:13:09 AM",Kudos,Activity,563497207
"May 4, 2016, 3:32:55 AM",Kudos,Activity,564688905
"May 4, 2016, 3:32:57 AM",Kudos,Activity,564708288
"May 4, 2016, 3:33:02 AM",Kudos,Activity,564674405
"May 4, 2016, 3:33:11 AM",Kudos,Activity,564672264
"May 5, 2016, 3:29:08 AM",Kudos,Activity,565793339
"May 5, 2016, 3:45:49 AM",Kudos,Activity,565752508
"May 5, 2016, 3:45:52 AM",Kudos,Activity,565740180
"May 5, 2016, 3:45:55 AM",Kudos,Activity,565804339
"May 5, 2016, 3:46:04 AM",Kudos,Activity,565521064
"May 5, 2016, 11:29:36 PM",Kudos,Activity,566658917
"May 8, 2016, 2:49:45 PM",Kudos,Activity,568981588
"May 8, 2016, 2:49:50 PM",Kudos,Activity,567449547
"May 8, 2016, 2:52:03 PM",Kudos,Activity,567381130
"May 8, 2016, 2:52:13 PM",Kudos,Activity,566962101
"May 8, 2016, 2:52:16 PM",Kudos,Activity,566830413
"May 8, 2016, 2:52:21 PM",Kudos,Activity,568980933
"May 9, 2016, 6:13:22 AM",Kudos,Activity,570186075
"May 9, 2016, 6:13:34 AM",Kudos,Activity,569858024
"May 9, 2016, 6:16:43 AM",Kudos,Activity,569969259
"May 9, 2016, 6:17:20 AM",Kudos,Activity,568491500
"May 10, 2016, 4:49:03 AM",Kudos,Activity,570996804
"May 11, 2016, 3:51:15 AM",Kudos,Feed Entry,43677434
"May 11, 2016, 3:51:20 AM",Kudos,Activity,572193452
"May 11, 2016, 3:52:21 AM",Kudos,Activity,572182091
"May 11, 2016, 3:52:42 AM",Kudos,Activity,571788498
"May 11, 2016, 3:52:56 AM",Kudos,Activity,571158802
"May 12, 2016, 5:46:09 AM",Kudos,Activity,573244941
"May 13, 2016, 12:44:45 AM",Kudos,Activity,574116409
"May 14, 2016, 10:43:51 PM",Kudos,Activity,574110001
"May 14, 2016, 10:44:11 PM",Kudos,Activity,574333401
"May 14, 2016, 10:44:25 PM",Kudos,Activity,575154302
"May 14, 2016, 10:44:28 PM",Kudos,Activity,575210892
"May 14, 2016, 10:44:42 PM",Kudos,Activity,576120982
"May 16, 2016, 5:27:49 PM",Kudos,Activity,577340222
"May 16, 2016, 5:27:51 PM",Kudos,Activity,577337243
"May 16, 2016, 5:27:54 PM",Kudos,Activity,577253418
"May 16, 2016, 5:27:55 PM",Kudos,Activity,577252598
"May 16, 2016, 5:28:05 PM",Kudos,Activity,577188782
"May 16, 2016, 5:28:08 PM",Kudos,Activity,577153627
"May 16, 2016, 5:28:09 PM",Kudos,Activity,577125124
"May 16, 2016, 5:28:19 PM",Kudos,Activity,577141887
"May 16, 2016, 5:28:21 PM",Kudos,Activity,577075901
"May 16, 2016, 5:28:42 PM",Kudos,Activity,576334981
"May 18, 2016, 12:59:27 PM",Kudos,Activity,579633285
"May 19, 2016, 4:47:43 AM",Kudos,Activity,580691239
"May 20, 2016, 5:09:50 PM",Kudos,Activity,581626598
"May 20, 2016, 5:09:51 PM",Kudos,Activity,581626925
"May 20, 2016, 5:09:52 PM",Kudos,Activity,581627474
"May 23, 2016, 6:37:33 PM",Kudos,Activity,584953082
"May 23, 2016, 6:37:58 PM",Kudos,Activity,583627878
"May 23, 2016, 6:38:11 PM",Kudos,Activity,582636819
"May 23, 2016, 6:38:18 PM",Kudos,Activity,582447257
"May 23, 2016, 6:39:09 PM",Kudos,Activity,585027588
"May 25, 2016, 5:28:47 AM",Kudos,Activity,587160680
"May 26, 2016, 1:50:39 AM",Kudos,Activity,588183128
"May 26, 2016, 1:50:46 AM",Kudos,Activity,588097622
"May 26, 2016, 5:13:40 PM",Kudos,Activity,588244233
"May 27, 2016, 1:01:46 PM",Kudos,Activity,589165351
"May 31, 2016, 4:02:03 AM",Kudos,Activity,593508282
"May 31, 2016, 4:02:09 AM",Kudos,Activity,593468228
"Jun 3, 2016, 9:38:13 PM",Kudos,Activity,596776483
"Jun 3, 2016, 9:38:16 PM",Kudos,Activity,596756192
"Jun 3, 2016, 9:38:24 PM",Kudos,Activity,596593525
"Jun 3, 2016, 9:38:30 PM",Kudos,Activity,596355203
"Jun 3, 2016, 9:38:46 PM",Kudos,Activity,595698614
"Jun 3, 2016, 9:38:54 PM",Kudos,Activity,595666222
"Jun 3, 2016, 9:39:09 PM",Kudos,Activity,594750247
"Jun 3, 2016, 9:39:20 PM",Kudos,Activity,594148800
"Jun 5, 2016, 12:13:48 AM",Kudos,Activity,598663214
"Jun 5, 2016, 12:15:38 AM",Kudos,Activity,598569876
"Jun 5, 2016, 12:17:53 AM",Kudos,Activity,597580249
"Jun 6, 2016, 12:52:10 PM",Kudos,Activity,599931712
"Jun 6, 2016, 12:53:56 PM",Kudos,Activity,599937697
"Jun 6, 2016, 12:54:04 PM",Kudos,Activity,599725217
"Jun 7, 2016, 5:31:24 AM",Kudos,Activity,601087589
"Jun 8, 2016, 11:19:04 PM",Kudos,Activity,602273388
"Jun 8, 2016, 11:19:13 PM",Kudos,Activity,602199937
"Jun 8, 2016, 11:19:17 PM",Kudos,Activity,602067844
"Jun 10, 2016, 1:03:08 PM",Kudos,Activity,604420605
"Jun 10, 2016, 1:03:19 PM",Kudos,Activity,604428208
"Jun 10, 2016, 1:03:47 PM",Kudos,Activity,603871864
"Jun 10, 2016, 1:04:06 PM",Kudos,Activity,603383201
"Jun 10, 2016, 1:04:07 PM",Kudos,Activity,603384549
"Jun 10, 2016, 1:04:14 PM",Kudos,Activity,603310327
"Jun 10, 2016, 1:04:25 PM",Kudos,Activity,603328727
"Jun 13, 2016, 3:10:37 AM",Kudos,Activity,607619348
"Jun 13, 2016, 3:11:20 AM",Kudos,Activity,606377958
"Jun 13, 2016, 3:11:25 AM",Kudos,Activity,606357314
"Jun 13, 2016, 3:11:31 AM",Kudos,Activity,606134142
"Jun 13, 2016, 3:11:59 AM",Kudos,Activity,605348948
"Jun 13, 2016, 3:12:14 AM",Kudos,Activity,605272595
"Jun 13, 2016, 3:12:24 AM",Kudos,Activity,605105304
"Jun 13, 2016, 7:33:53 PM",Kudos,Activity,608251358
"Jun 13, 2016, 7:34:32 PM",Kudos,Activity,608023745
"Jun 15, 2016, 4:38:07 AM",Kudos,Activity,609340063
"Jun 18, 2016, 6:55:39 AM",Kudos,Activity,612337464
"Jun 18, 2016, 12:15:53 PM",Kudos,Activity,612581596
"Jun 19, 2016, 5:30:28 AM",Kudos,Activity,613501093
"Jun 21, 2016, 4:26:48 AM",Kudos,Activity,614693848
"Jun 21, 2016, 4:26:56 AM",Kudos,Activity,614587036
"Jun 22, 2016, 4:08:52 PM",Kudos,Activity,616800091
"Jun 23, 2016, 8:31:18 AM",Kudos,Activity,617865196
"Jun 23, 2016, 8:31:21 AM",Kudos,Activity,617863021
"Jun 23, 2016, 8:31:31 AM",Kudos,Activity,617553061
"Jun 27, 2016, 5:07:15 AM",Kudos,Activity,622142165
"Jun 27, 2016, 5:07:24 AM",Kudos,Activity,620841650
"Jun 27, 2016, 5:07:51 AM",Kudos,Activity,620823589
"Jun 27, 2016, 5:07:57 AM",Kudos,Activity,620732030
"Jun 27, 2016, 5:08:46 AM",Kudos,Activity,620598971
"Jun 27, 2016, 5:09:08 AM",Kudos,Activity,620598297
"Jun 27, 2016, 5:09:15 AM",Kudos,Activity,620597508
"Jun 29, 2016, 12:11:20 PM",Kudos,Activity,624159758
"Jun 29, 2016, 12:11:24 PM",Kudos,Activity,623676992
"Jun 29, 2016, 12:11:34 PM",Kudos,Activity,623099009
"Jun 29, 2016, 12:14:54 PM",Kudos,Activity,623102049
"Jun 29, 2016, 12:15:01 PM",Kudos,Activity,623462395
"Jun 30, 2016, 12:15:18 PM",Kudos,Activity,625185037
"Jul 1, 2016, 12:46:25 PM",Kudos,Activity,626240468
"Jul 1, 2016, 12:46:38 PM",Kudos,Activity,625829077
"Jul 2, 2016, 5:33:11 AM",Kudos,Activity,627018288
"Jul 2, 2016, 5:33:21 AM",Kudos,Activity,627098429
"Jul 4, 2016, 4:01:52 AM",Kudos,Activity,629335731
"Jul 4, 2016, 4:02:03 AM",Kudos,Activity,628071318
"Jul 4, 2016, 4:02:09 AM",Kudos,Activity,627965673
"Jul 4, 2016, 4:02:38 AM",Kudos,Activity,627857139
"Jul 4, 2016, 4:02:54 AM",Kudos,Activity,627824122
"Jul 4, 2016, 4:03:01 AM",Kudos,Activity,627823330
"Jul 5, 2016, 4:31:21 PM",Kudos,Activity,630419111
"Jul 5, 2016, 4:32:51 PM",Kudos,Activity,630311144
"Jul 5, 2016, 4:32:52 PM",Kudos,Activity,630219377
"Jul 6, 2016, 1:13:28 AM",Kudos,Activity,631294116
"Jul 6, 2016, 1:13:28 AM",Kudos,Activity,631470777
"Jul 7, 2016, 4:15:04 PM",Kudos,Activity,632644367
"Jul 7, 2016, 4:15:14 PM",Kudos,Activity,632478453
"Jul 8, 2016, 2:40:10 AM",Kudos,Activity,633760290
"Jul 9, 2016, 2:04:14 AM",Kudos,Activity,634456919
"Jul 9, 2016, 2:04:18 AM",Kudos,Activity,634472347
"Jul 9, 2016, 2:04:20 AM",Kudos,Activity,634640610
"Jul 10, 2016, 7:05:55 AM",Kudos,Activity,635745999
"Jul 11, 2016, 11:29:50 PM",Kudos,Activity,637132394
"Jul 11, 2016, 11:30:31 PM",Kudos,Activity,636975477
"Jul 11, 2016, 11:30:43 PM",Kudos,Activity,636851994
"Jul 13, 2016, 3:30:13 AM",Kudos,Activity,639173222
"Jul 14, 2016, 3:34:11 PM",Kudos,Activity,640229559
"Jul 14, 2016, 3:34:14 PM",Kudos,Activity,640261909
"Jul 16, 2016, 4:16:57 AM",Kudos,Activity,642220906
"Jul 17, 2016, 2:06:54 AM",Kudos,Activity,643258948
"Jul 17, 2016, 2:07:02 AM",Kudos,Activity,643139757
"Jul 19, 2016, 1:03:00 AM",Kudos,Activity,645136111
"Jul 20, 2016, 2:30:20 AM",Kudos,Activity,646455622
"Jul 20, 2016, 2:30:35 AM",Kudos,Activity,645728939
"Jul 20, 2016, 2:30:38 AM",Kudos,Activity,645456593
"Jul 22, 2016, 2:41:55 AM",Kudos,Activity,648046178
"Jul 22, 2016, 2:41:59 AM",Kudos,Activity,648071732
"Jul 22, 2016, 2:42:26 AM",Kudos,Activity,648074404
"Jul 22, 2016, 2:42:33 AM",Kudos,Activity,648100339
"Jul 22, 2016, 2:43:36 AM",Kudos,Activity,648878598
"Jul 22, 2016, 9:23:10 PM",Kudos,Activity,649924529
"Jul 22, 2016, 9:23:11 PM",Kudos,Activity,649957080
"Jul 24, 2016, 8:03:17 PM",Kudos,Activity,651284408
"Jul 24, 2016, 8:03:32 PM",Kudos,Activity,651195449
"Jul 24, 2016, 8:03:36 PM",Kudos,Activity,651309082
"Jul 24, 2016, 8:03:43 PM",Kudos,Activity,651170120
"Jul 24, 2016, 8:03:45 PM",Kudos,Activity,651132045
"Jul 24, 2016, 8:03:48 PM",Kudos,Activity,651132065
"Jul 24, 2016, 8:03:50 PM",Kudos,Activity,651158559
"Jul 24, 2016, 8:03:52 PM",Kudos,Activity,651098014
"Jul 24, 2016, 8:04:41 PM",Kudos,Activity,651026731
"Jul 24, 2016, 8:04:43 PM",Kudos,Activity,651115759
"Jul 24, 2016, 8:04:47 PM",Kudos,Activity,651031661
"Jul 25, 2016, 3:05:49 AM",Kudos,Activity,652522502
"Jul 25, 2016, 3:05:50 AM",Kudos,Activity,652522409
"Jul 26, 2016, 1:16:02 PM",Kudos,Activity,651046907
"Jul 27, 2016, 1:03:48 AM",Kudos,Activity,654750424
"Jul 28, 2016, 4:12:52 PM",Kudos,Activity,655948674
"Jul 28, 2016, 4:12:58 PM",Kudos,Activity,655949321
"Jul 28, 2016, 4:13:02 PM",Kudos,Activity,655909372
"Aug 2, 2016, 3:10:19 AM",Kudos,Activity,661372586
"Aug 2, 2016, 3:11:54 AM",Kudos,Activity,660431817
"Aug 2, 2016, 3:12:17 AM",Kudos,Activity,660262576
"Aug 2, 2016, 3:12:22 AM",Kudos,Activity,660204639
"Aug 2, 2016, 3:12:49 AM",Kudos,Activity,659883307
"Aug 2, 2016, 3:12:53 AM",Kudos,Activity,659123390
"Aug 2, 2016, 3:13:02 AM",Kudos,Activity,659007855
"Aug 2, 2016, 3:13:10 AM",Kudos,Activity,658932381
"Aug 2, 2016, 3:13:15 AM",Kudos,Activity,657917041
"Aug 2, 2016, 3:13:23 AM",Kudos,Activity,657747978
"Aug 2, 2016, 3:13:48 AM",Kudos,Activity,657482162
"Aug 3, 2016, 12:39:57 AM",Kudos,Activity,662266396
"Aug 5, 2016, 1:23:50 AM",Kudos,Activity,664892120
"Aug 5, 2016, 4:44:53 AM",Kudos,Activity,664966758
"Aug 10, 2016, 4:39:16 AM",Kudos,Activity,670729704
"Aug 12, 2016, 6:10:10 AM",Kudos,Activity,672950617
"Aug 12, 2016, 6:10:14 AM",Kudos,Activity,671894538
"Aug 12, 2016, 6:10:20 AM",Kudos,Activity,671865555
"Aug 12, 2016, 6:10:58 AM",Kudos,Activity,671843975
"Aug 12, 2016, 6:11:20 AM",Kudos,Activity,670533169
"Aug 12, 2016, 6:11:49 AM",Kudos,Activity,669521533
"Aug 12, 2016, 6:11:54 AM",Kudos,Activity,668364370
"Aug 12, 2016, 6:12:00 AM",Kudos,Activity,668371293
"Aug 12, 2016, 6:12:05 AM",Kudos,Activity,667968945
"Aug 12, 2016, 6:00:53 PM",Kudos,Activity,673568550
"Aug 15, 2016, 12:50:07 PM",Kudos,Activity,676338450
"Aug 15, 2016, 12:50:22 PM",Kudos,Activity,676237335
"Aug 15, 2016, 12:50:56 PM",Kudos,Activity,676194219
"Aug 15, 2016, 12:51:00 PM",Kudos,Activity,676160239
"Aug 15, 2016, 12:51:04 PM",Kudos,Activity,676035840
"Aug 15, 2016, 12:51:14 PM",Kudos,Activity,675035771
"Aug 15, 2016, 12:51:29 PM",Kudos,Activity,674962561
"Aug 15, 2016, 12:51:45 PM",Kudos,Activity,674812076
"Aug 18, 2016, 1:47:19 PM",Kudos,Activity,677604431
"Aug 18, 2016, 1:47:33 PM",Kudos,Activity,678830425
"Aug 18, 2016, 1:47:52 PM",Kudos,Activity,679985335
"Aug 18, 2016, 1:47:56 PM",Kudos,Activity,680036097
"Aug 21, 2016, 7:07:41 PM",Kudos,Activity,683156502
"Aug 21, 2016, 7:07:48 PM",Kudos,Activity,683135297
"Aug 21, 2016, 7:08:04 PM",Kudos,Activity,683156655
"Aug 21, 2016, 7:08:25 PM",Kudos,Activity,683054383
"Aug 21, 2016, 7:08:33 PM",Kudos,Activity,682775281
"Aug 21, 2016, 7:08:43 PM",Kudos,Activity,682125633
"Aug 21, 2016, 7:08:49 PM",Kudos,Activity,681729622
"Aug 24, 2016, 9:15:09 PM",Kudos,Activity,686856692
"Aug 24, 2016, 9:15:18 PM",Kudos,Activity,685430028
"Aug 24, 2016, 9:15:45 PM",Kudos,Activity,684492356
"Aug 24, 2016, 9:15:50 PM",Kudos,Activity,684379741
"Aug 26, 2016, 4:07:35 AM",Kudos,Activity,688070035
"Aug 26, 2016, 4:07:45 AM",Kudos,Activity,688053917
"Aug 31, 2016, 5:23:51 PM",Kudos,Activity,693872959
"Aug 31, 2016, 5:23:57 PM",Kudos,Activity,693885643
"Aug 31, 2016, 5:24:08 PM",Kudos,Activity,693863021
"Aug 31, 2016, 5:24:26 PM",Kudos,Activity,692690316
"Aug 31, 2016, 5:25:15 PM",Kudos,Activity,692564691
"Aug 31, 2016, 5:25:26 PM",Kudos,Activity,691370372
"Aug 31, 2016, 5:25:27 PM",Kudos,Activity,691015167
"Aug 31, 2016, 5:25:35 PM",Kudos,Activity,690207813
"Sep 2, 2016, 3:37:48 AM",Kudos,Activity,697466790
"Sep 2, 2016, 3:38:10 AM",Kudos,Activity,696301479
"Sep 2, 2016, 3:40:40 AM",Kudos,Activity,696244517
"Sep 9, 2016, 12:36:30 PM",Kudos,Activity,704481805
"Sep 9, 2016, 12:36:44 PM",Kudos,Activity,703232110
"Sep 9, 2016, 12:36:54 PM",Kudos,Activity,702043328
"Sep 9, 2016, 12:37:28 PM",Kudos,Activity,700837479
"Sep 9, 2016, 12:37:36 PM",Kudos,Activity,699530487
"Sep 9, 2016, 12:37:46 PM",Kudos,Activity,699336284
"Sep 11, 2016, 2:05:25 PM",Kudos,Activity,707726164
"Sep 11, 2016, 2:06:07 PM",Kudos,Activity,707523330
"Sep 11, 2016, 2:06:11 PM",Kudos,Activity,707523984
"Sep 15, 2016, 4:33:08 PM",Kudos,Activity,710301851
"Sep 15, 2016, 4:33:28 PM",Kudos,Activity,709236084
"Sep 15, 2016, 4:33:30 PM",Kudos,Activity,709248077
"Sep 20, 2016, 3:14:11 PM",Kudos,Activity,718381669
"Sep 20, 2016, 3:14:15 PM",Kudos,Activity,718351844
"Sep 21, 2016, 11:21:52 PM",Kudos,Activity,717240104
"Sep 21, 2016, 11:22:24 PM",Kudos,Activity,717054830
"Sep 21, 2016, 11:22:31 PM",Kudos,Activity,715698968
"Sep 23, 2016, 3:07:26 AM",Kudos,Activity,720617130
"Sep 23, 2016, 3:07:30 AM",Kudos,Activity,720625759
"Sep 23, 2016, 3:07:58 AM",Kudos,Activity,721432911
"Sep 23, 2016, 3:08:32 AM",Kudos,Activity,720587738
"Sep 26, 2016, 4:06:01 AM",Kudos,Activity,724947945
"Sep 26, 2016, 4:06:16 AM",Kudos,Activity,725072360
"Sep 26, 2016, 4:06:43 AM",Kudos,Activity,722654260
"Sep 26, 2016, 4:06:44 AM",Kudos,Activity,722671290
"Oct 6, 2016, 5:39:44 AM",Kudos,Activity,735807470
"Oct 6, 2016, 5:39:49 AM",Kudos,Activity,735734041
"Oct 6, 2016, 5:40:02 AM",Kudos,Activity,734752477
"Oct 6, 2016, 5:40:08 AM",Kudos,Activity,734731223
"Oct 6, 2016, 5:40:17 AM",Kudos,Activity,734718576
"Oct 6, 2016, 5:42:33 AM",Kudos,Activity,734271672
"Oct 6, 2016, 5:43:00 AM",Kudos,Activity,733655593
"Oct 6, 2016, 5:43:35 AM",Kudos,Activity,731323574
"Oct 6, 2016, 5:43:42 AM",Kudos,Activity,731066348
"Oct 6, 2016, 5:44:03 AM",Kudos,Activity,728401830
"Mar 10, 2017, 3:38:59 AM",Kudos,Activity,894103655
"Mar 16, 2017, 5:18:04 AM",Kudos,Activity,901921042
"Mar 16, 2017, 5:20:13 AM",Kudos,Activity,901828816
"Mar 16, 2017, 5:20:56 AM",Kudos,Activity,901603116
"Apr 19, 2017, 3:34:50 AM",Kudos,Activity,948368147
"Apr 19, 2017, 3:34:53 AM",Kudos,Activity,948257375
"Apr 24, 2017, 2:17:58 AM",Kudos,Activity,953514035
"Apr 24, 2017, 2:18:02 AM",Kudos,Activity,953190518
"Apr 29, 2017, 5:09:53 PM",Kudos,Activity,961790197
"Apr 29, 2017, 5:12:26 PM",Kudos,Activity,959616972
"Oct 16, 2017, 6:29:21 AM",Kudos,Activity,1174791099
"Nov 12, 2017, 1:06:13 AM",Kudos,Activity,1271056759
"Nov 12, 2017, 1:06:15 AM",Kudos,Activity,1270973807
"Nov 12, 2017, 1:06:20 AM",Kudos,Activity,1271072835
"Dec 3, 2017, 5:41:18 AM",Kudos,Activity,1296107933
"Dec 21, 2017, 8:12:57 PM",Kudos,Activity,1320899765
"Dec 29, 2017, 10:03:22 PM",Kudos,Activity,1330917176
"Feb 2, 2018, 2:28:57 AM",Kudos,Activity,1387192055
"Feb 2, 2018, 2:29:03 AM",Kudos,Activity,1387191399
"Feb 2, 2018, 2:29:06 AM",Kudos,Activity,1384789204
"Feb 2, 2018, 2:30:06 AM",Kudos,Activity,1387193970
"Feb 2, 2018, 2:30:22 AM",Kudos,Activity,1387056329
"Feb 2, 2018, 2:30:39 AM",Kudos,Activity,1383926500
"Feb 2, 2018, 2:30:45 AM",Kudos,Activity,1387222567
"Feb 2, 2018, 2:31:32 AM",Kudos,Activity,1380664764
"Feb 4, 2018, 6:15:01 PM",Kudos,Activity,1389971515
"Feb 4, 2018, 6:15:09 PM",Kudos,Activity,1389908728
"Feb 4, 2018, 6:15:19 PM",Kudos,Activity,1389878240
"Feb 4, 2018, 6:15:36 PM",Kudos,Activity,1390059895
"Feb 7, 2018, 7:26:31 PM",Kudos,Activity,1396300093
"Feb 7, 2018, 7:26:55 PM",Kudos,Activity,1395177726
"Feb 7, 2018, 9:09:39 PM",Kudos,Activity,1395288095
"Feb 14, 2018, 3:22:14 AM",Kudos,Activity,1406546462
"Feb 14, 2018, 3:23:43 AM",Kudos,Activity,1401687598
"Feb 14, 2018, 5:14:32 PM",Kudos,Activity,1406525728
"Feb 14, 2018, 5:14:38 PM",Kudos,Activity,1406048862
"Feb 14, 2018, 5:14:54 PM",Kudos,Activity,1406333135
"Feb 20, 2018, 8:56:04 PM",Kudos,Activity,1412590067
"Feb 24, 2018, 9:11:26 PM",Kudos,Activity,1422423152
"Mar 9, 2018, 8:10:04 PM",Kudos,Activity,1443220479
"Mar 16, 2018, 5:02:14 PM",Kudos,Activity,1456073030
"Apr 18, 2018, 5:15:14 AM",Kudos,Activity,1508809105
"Apr 22, 2018, 4:58:23 PM",Kudos,Activity,1521030357
"Apr 22, 2018, 4:58:41 PM",Kudos,Activity,1522952290
"Apr 22, 2018, 4:58:44 PM",Kudos,Activity,1522954028
"May 2, 2018, 9:07:38 PM",Kudos,Activity,1544253781
"May 4, 2018, 1:35:43 AM",Kudos,Activity,1548126756
"May 11, 2018, 3:23:17 AM",Kudos,Activity,1563417550
"May 11, 2018, 3:23:19 AM",Kudos,Activity,1539900686
"May 11, 2018, 3:23:22 AM",Kudos,Activity,1539828219
"May 11, 2018, 10:15:40 PM",Kudos,Activity,1565733966
"May 11, 2018, 10:15:47 PM",Kudos,Activity,1563457865
"May 18, 2018, 1:26:12 AM",Kudos,Activity,1575799884
"May 18, 2018, 1:26:39 AM",Kudos,Activity,1574750330
"May 24, 2018, 6:38:16 PM",Kudos,Activity,1589838996
"Jun 7, 2018, 3:46:42 AM",Kudos,Activity,1622316658
"Nov 8, 2018, 5:53:09 AM",Kudos,Activity,1946146398
"Mar 19, 2019, 5:00:13 PM",Kudos,Activity,2221318159
"Mar 19, 2019, 5:00:27 PM",Kudos,Activity,2221318566
"Mar 19, 2019, 5:00:44 PM",Kudos,Activity,2216296353
"Apr 8, 2019, 6:50:51 PM",Kudos,Activity,2270396948
"Apr 21, 2019, 4:06:45 PM",Kudos,Activity,2305819567
"May 17, 2019, 5:49:08 PM",Kudos,Activity,2368225812
"May 6, 2020, 7:43:29 PM",Kudos,Activity,3407692199
"May 6, 2020, 7:43:52 PM",Kudos,Activity,3401834650
"May 6, 2020, 7:44:14 PM",Kudos,Activity,3394323542
"May 6, 2020, 7:44:26 PM",Kudos,Activity,3394144742
"Jul 3, 2020, 11:27:11 PM",Kudos,Activity,3709061256
"Jul 28, 2020, 2:20:43 PM",Kudos,Activity,3823782117
"Jul 28, 2020, 2:24:42 PM",Kudos,Activity,3816594831
"Jul 28, 2020, 2:28:03 PM",Kudos,Activity,3788102383
"Jul 28, 2020, 2:28:29 PM",Kudos,Activity,3782636240
"Jul 29, 2020, 1:06:39 AM",Kudos,Activity,3827963629
"Aug 1, 2020, 12:24:16 AM",Kudos,Activity,3844725609
"Aug 1, 2020, 12:24:18 AM",Kudos,Activity,3844752725
"Aug 1, 2020, 12:24:22 AM",Kudos,Activity,3843169821
"Aug 2, 2020, 5:19:31 PM",Kudos,Activity,3850274952
"Aug 2, 2020, 5:19:42 PM",Kudos,Activity,3850154365
"Aug 2, 2020, 5:20:21 PM",Kudos,Activity,3849514840
"Aug 7, 2020, 4:41:12 AM",Kudos,Activity,3874917079
"Aug 7, 2020, 4:41:30 AM",Kudos,Activity,3869864562
"Aug 9, 2020, 2:16:56 PM",Kudos,Activity,3885030553
"Aug 9, 2020, 2:17:07 PM",Kudos,Activity,3884085964
"Aug 9, 2020, 6:45:43 PM",Kudos,Activity,3889300206
"Aug 12, 2020, 12:13:59 AM",Kudos,Activity,3898686444
"Aug 12, 2020, 12:14:14 AM",Kudos,Activity,3894118531
"Aug 14, 2020, 12:51:53 AM",Kudos,Activity,3908765139
"Aug 23, 2020, 11:22:09 PM",Kudos,Activity,3956940502
"Aug 23, 2020, 11:23:00 PM",Kudos,Activity,3947309510
"Aug 23, 2020, 11:23:27 PM",Kudos,Activity,3947295720
"Aug 26, 2020, 4:45:22 PM",Kudos,Activity,3968880089
"Aug 28, 2020, 12:49:15 AM",Kudos,Activity,3974293976
"Aug 28, 2020, 12:49:19 AM",Kudos,Activity,3972089653
"Aug 28, 2020, 12:49:37 AM",Kudos,Activity,3971298633
"Aug 28, 2020, 12:50:13 AM",Kudos,Activity,3970383747
"Aug 28, 2020, 4:46:00 AM",Kudos,Activity,3975919010
"Aug 30, 2020, 6:13:39 PM",Kudos,Activity,3988030868
"Aug 30, 2020, 10:38:09 PM",Kudos,Activity,3984271368
"Sep 9, 2020, 1:11:08 PM",Kudos,Activity,4032911935
"Sep 9, 2020, 1:11:13 PM",Kudos,Activity,4030833925
"Sep 10, 2020, 12:54:20 AM",Kudos,Activity,4035465277
"Sep 13, 2020, 7:55:53 PM",Kudos,Activity,4055401095
"Sep 14, 2020, 9:49:35 PM",Kudos,Activity,4059910527
"Sep 14, 2020, 9:52:00 PM",Kudos,Activity,4056006883
"Sep 14, 2020, 9:52:03 PM",Kudos,Activity,4056006879
"Sep 16, 2020, 3:30:01 AM",Kudos,Activity,4066155483
"Sep 16, 2020, 3:30:08 AM",Kudos,Activity,4063949425
"Sep 19, 2020, 11:22:57 PM",Kudos,Activity,4084017953
"Sep 20, 2020, 11:39:08 PM",Kudos,Activity,4089053003
"Sep 20, 2020, 11:39:23 PM",Kudos,Activity,4083293967
"Sep 20, 2020, 11:39:33 PM",Kudos,Activity,4083803129
"Sep 20, 2020, 11:39:46 PM",Kudos,Activity,4084269233
"Sep 22, 2020, 2:04:49 AM",Kudos,Activity,4094704145
"Sep 22, 2020, 3:46:57 AM",Kudos,Activity,4094851316
"Sep 23, 2020, 1:42:26 AM",Kudos,Activity,4099346738
"Sep 23, 2020, 1:43:17 AM",Kudos,Activity,4099115322
"Sep 23, 2020, 1:43:19 AM",Kudos,Activity,4098597725
"Sep 24, 2020, 8:54:05 PM",Kudos,Activity,4107688079
"Sep 27, 2020, 4:04:22 AM",Kudos,Activity,4115948817
"Sep 27, 2020, 4:04:26 AM",Kudos,Activity,4116000196
"Sep 27, 2020, 4:04:34 AM",Kudos,Activity,4115791751
"Sep 27, 2020, 4:04:36 AM",Kudos,Activity,4112435481
"Oct 1, 2020, 12:47:58 AM",Kudos,Activity,4130521052
"Oct 1, 2020, 4:44:08 PM",Kudos,Activity,4137504249
"Oct 4, 2020, 4:42:53 AM",Kudos,Activity,4146622885
"Oct 4, 2020, 6:48:26 PM",Kudos,Activity,4151586376
"Oct 4, 2020, 6:48:44 PM",Kudos,Activity,4151728270
"Oct 4, 2020, 6:48:49 PM",Kudos,Activity,4151602274
"Oct 8, 2020, 11:26:38 PM",Kudos,Activity,4169072383
"Oct 8, 2020, 11:26:54 PM",Kudos,Activity,4169750067
"Oct 8, 2020, 11:27:01 PM",Kudos,Activity,4169022008
"Oct 12, 2020, 4:10:37 AM",Kudos,Activity,4182400411
"Oct 12, 2020, 4:10:40 AM",Kudos,Activity,4177646510
"Oct 12, 2020, 4:10:47 AM",Kudos,Activity,4173976414
"Oct 12, 2020, 4:10:50 AM",Kudos,Activity,4177885927
"Oct 12, 2020, 4:11:03 AM",Kudos,Activity,4181850740
"Oct 17, 2020, 12:57:20 AM",Kudos,Activity,4196615949
"Oct 17, 2020, 12:57:25 AM",Kudos,Activity,4198972860
"Oct 17, 2020, 12:57:42 AM",Kudos,Activity,4203965869
"Oct 17, 2020, 12:57:49 AM",Kudos,Activity,4200372909
"Oct 17, 2020, 12:57:54 AM",Kudos,Activity,4200687215
"Oct 17, 2020, 12:57:58 AM",Kudos,Activity,4199787421
"Oct 18, 2020, 11:20:38 PM",Kudos,Activity,4208391885
"Oct 18, 2020, 11:20:44 PM",Kudos,Activity,4207758453
"Oct 18, 2020, 11:20:54 PM",Kudos,Activity,4207281679
"Oct 18, 2020, 11:21:00 PM",Kudos,Activity,4213222258
"Oct 18, 2020, 11:21:05 PM",Kudos,Activity,4208022497
"Oct 18, 2020, 11:21:43 PM",Kudos,Activity,4207780302
"Oct 18, 2020, 11:21:50 PM",Kudos,Activity,4207728468
"Oct 18, 2020, 11:21:59 PM",Kudos,Activity,4208541225
"Oct 26, 2020, 11:54:26 PM",Kudos,Activity,4246938232
"Oct 26, 2020, 11:54:33 PM",Kudos,Activity,4246276643
"Oct 26, 2020, 11:54:43 PM",Kudos,Activity,4243803788
"Oct 26, 2020, 11:54:51 PM",Kudos,Activity,4243702049
"Oct 26, 2020, 11:54:58 PM",Kudos,Activity,4243534111
"Oct 26, 2020, 11:55:08 PM",Kudos,Activity,4238696256
"Oct 26, 2020, 11:55:12 PM",Kudos,Activity,4234828147
"Oct 26, 2020, 11:55:23 PM",Kudos,Activity,4234031216
"Nov 1, 2020, 11:20:22 PM",Kudos,Activity,4273007707
"Nov 1, 2020, 11:20:29 PM",Kudos,Activity,4267797533
"Nov 1, 2020, 11:20:44 PM",Kudos,Activity,4268336104
"Nov 1, 2020, 11:21:04 PM",Kudos,Activity,4263538668
"Nov 1, 2020, 11:21:47 PM",Kudos,Activity,4268301445
"Nov 1, 2020, 11:22:14 PM",Kudos,Activity,4268746848
"Nov 3, 2020, 12:58:34 AM",Kudos,Activity,4277821111
"Nov 4, 2020, 2:00:15 PM",Kudos,Activity,4283431939
"Nov 9, 2020, 5:23:50 PM",Kudos,Activity,4313312578
"Nov 10, 2020, 4:24:43 PM",Kudos,Activity,4315316535
"Nov 10, 2020, 4:24:55 PM",Kudos,Activity,4314901356
"Nov 10, 2020, 4:24:59 PM",Kudos,Activity,4314467078
"Nov 20, 2020, 2:24:24 AM",Kudos,Activity,4361845009
"Nov 22, 2020, 8:32:57 AM",Kudos,Activity,4371950595
"Nov 22, 2020, 8:33:01 AM",Kudos,Activity,4371392951
"Nov 22, 2020, 8:33:09 AM",Kudos,Activity,4371665635
"Nov 22, 2020, 8:33:16 AM",Kudos,Activity,4366182448
"Nov 27, 2020, 5:44:38 AM",Kudos,Activity,4396136718
"Nov 27, 2020, 5:48:35 AM",Kudos,Activity,4395190127
"Dec 2, 2020, 12:29:37 AM",Kudos,Activity,4417990392
"Dec 4, 2020, 5:16:11 AM",Kudos,Activity,4426439942
"Dec 4, 2020, 5:16:48 AM",Kudos,Activity,4426292593
"Feb 6, 2021, 1:52:33 AM",Kudos,Activity,4740038387
"Sep 4, 2021, 5:57:17 PM",Kudos,Activity,5868614625
"Dec 2, 2022, 3:01:20 AM",Kudos,Activity,8190929966
"Mar 4, 2024, 6:44:22 PM",Kudos,Activity,10877901527
"Mar 4, 2024, 6:44:35 PM",Kudos,Activity,10870897420
"Mar 4, 2024, 6:44:44 PM",Kudos,Activity,10857165374
"Mar 4, 2024, 6:45:29 PM",Kudos,Activity,10844411402
